,Make,count
0,CESSNA,8475
1,PIPER,4715
2,BEECH,1692
3,BOEING,1324
4,MOONEY,419
5,BELLANCA,282
6,GRUMMAN,251
7,AIRBUS,245
8,MAULE,232
9,AERONCA,229
10,AIR TRACTOR,224
11,CIRRUS DESIGN CORP,220
12,AIR TRACTOR INC,219
13,CHAMPION,170
14,LUSCOMBE,164
15,EMBRAER,155
16,STINSON,146
17,CIRRUS,137
18,VANS,125
19,NORTH AMERICAN,118
20,MCDONNELL DOUGLAS,115
21,TAYLORCRAFT,110
22,AERO COMMANDER,107
23,DEHAVILLAND,95
24,DE HAVILLAND,88
25,AVIAT AIRCRAFT INC,76
26,SOCATA,75
27,DIAMOND AIRCRAFT IND INC,74
28,AVIAT,70
29,ERCOUPE,66
30,BOMBARDIER INC,65
31,RAYTHEON AIRCRAFT COMPANY,62
32,ROCKWELL INTERNATIONAL,61
33,AYRES,59
34,GRUMMAN ACFT ENG COR-SCHWEIZER,58
35,ROCKWELL,57
36,DOUGLAS,55
37,RANS,54
38,SWEARINGEN,52
39,AMERICAN CHAMPION AIRCRAFT,52
40,BOMBARDIER,50
41,DIAMOND,49
42,FLIGHT DESIGN GMBH,49
43,GRUMMAN AMERICAN AVN. CORP.,49
44,LEARJET,48
45,WACO,44
46,AIRBUS INDUSTRIE,43
47,QUICKSILVER,43
48,ZENITH,43
49,AYRES CORPORATION,41
50,FAIRCHILD,39
51,GRUMMAN AMERICAN,38
52,LAKE,36
53,MOONEY AIRCRAFT CORP.,34
54,LANCAIR,33
55,COSTRUZIONI AERONAUTICHE TECNA,33
56,MITSUBISHI,32
57,PITTS,30
58,GULFSTREAM,30
59,EVEKTOR-AEROTECHNIK AS,30
60,HELIO,29
61,CIRRUS DESIGN CORP.,28
62,FLIGHT DESIGN,27
63,PIPER AIRCRAFT INC,27
64,LOCKHEED,27
65,SMITH,27
66,GLOBE,26
67,AMERICAN AVIATION,26
68,NAVION,26
69,PILATUS,26
70,WEATHERLY,25
71,RYAN,25
72,GREAT LAKES,25
73,CESSNA AIRCRAFT CO,24
74,CUB CRAFTERS,23
75,CUBCRAFTERS INC,22
76,ZENAIR,21
77,YAKOVLEV,20
78,AMERICAN,20
79,BAE,20
80,CUB CRAFTERS INC,20
81,SCHWEIZER AIRCRAFT CORP,20
82,BEECHCRAFT,19
83,RAYTHEON,19
84,ENGINEERING & RESEARCH,18
85,GRUMMAN-SCHWEIZER,18
86,AMERICAN LEGEND AIRCRAFT CO,17
87,CONSOLIDATED AERONAUTICS INC.,17
88,ATR,17
89,FOKKER,17
90,KITFOX,16
91,CHRISTEN INDUSTRIES INC,16
92,WSK PZL MIELEC,16
93,CZECH AIRCRAFT WORKS SPOL SRO,15
94,QUAD CITY,15
95,CANADAIR,15
96,VANS AIRCRAFT,14
97,QUICKIE,14
98,HAWKER BEECHCRAFT,14
99,DIAMOND AIRCRAFT INDUSTRIES,14
100,SILVAIRE,14
101,COLUMBIA AIRCRAFT MFG,14
102,GULFSTREAM AEROSPACE,14
103,STEARMAN,14
104,TITAN,13
105,SAAB,13
106,SIAI-MARCHETTI,13
107,ERCOUPE (ENG & RESEARCH CORP.),13
108,HAWKER BEECHCRAFT CORP,13
109,AMERICAN CHAMPION (ACAC),13
110,TEXTRON AVIATION INC,13
111,TEMCO,13
112,GLASAIR,13
113,REMOS AIRCRAFT GMBH,13
114,KOLB,13
115,VANS AIRCRAFT INC,12
116,THRUSH AIRCRAFT INC,12
117,AERO VODOCHODY,12
118,CZECH SPORT AIRCRAFT AS,12
119,ISRAEL AIRCRAFT INDUSTRIES,12
120,BRITTEN NORMAN,12
121,CURTISS WRIGHT,12
122,EAGLE,12
123,ALON,12
124,AEROPRO CZ,12
125,TECNAM,11
126,EXTRA,11
127,AEROTEK,11
128,PIPER AIRCRAFT CORPORATION,11
129,CIRRUS DESIGN CORPORATION,11
130,GULFSTREAM AMERICAN CORP,11
131,CESSNA AIRCRAFT COMPANY,11
132,SCHWEIZER,11
133,EXTRA FLUGZEUGBAU GMBH,11
134,LEARJET INC,11
135,GULFSTREAM AMERICAN,10
136,AVIAT INC,10
137,PIETENPOL,10
138,MOONEY AIRPLANE CO INC,10
139,BRITISH AEROSPACE,10
140,BRITTEN-NORMAN,10
141,RUTAN,10
142,CESSNA AIRCRAFT,10
143,AMERICAN CHAMPION,9
144,PIPISTREL,9
145,THE BOEING COMPANY,9
146,GULFSTREAM-SCHWEIZER A/C CORP,9
147,CHRISTEN INDUSTRIES,9
148,BOEING COMPANY,9
149,PIAGGIO,9
150,AVID,9
151,EMBRAER S A,9
152,WEATHERLY AVIATION CO INC,9
153,REIMS,9
154,JABIRU USA SPORT AIRCRAFT LLC,9
155,REPUBLIC,9
156,CONVAIR,9
157,GENERAL ATOMICS,8
158,HAWKER,8
159,DASSAULT,8
160,CUBCRAFTERS,8
161,SNOW,8
162,PILATUS AIRCRAFT LTD,8
163,"BOMBARDIER, INC.",8
164,RYAN AERONAUTICAL,8
165,GATES LEARJET CORP.,8
166,THORP,8
167,WACO CLASSIC AIRCRAFT,8
168,AMERICAN LEGEND,8
169,JABIRU,8
170,AIRCRAFT MFG & DEV. CO. (AMD),8
171,TL ULTRALIGHT SRO,8
172,UNKNOWN,7
173,FLEET,7
174,DORNIER,7
175,CASSUTT,7
176,MEYERS,7
177,GATES LEARJET,7
178,LANCAIR COMPANY,7
179,JUST,7
180,GULFSTREAM-SCHWEIZER,7
181,HAWKER BEECHCRAFT CORPORATION,7
182,ROBIN,7
183,LIBERTY AEROSPACE INCORPORATED,7
184,HAWKER BEECHCRAFT CORP.,7
185,DIAMOND AIRCRAFT IND GMBH,7
186,PIPER AIRCRAFT,7
187,UNIVERSAL STINSON,7
188,ARION AIRCRAFT LLC,7
189,SHORT BROS,7
190,QUEST,7
191,DASSAULT-BREGUET,6
192,REMOS ACFT GMBH FLUGZEUGBAU,6
193,NANCHANG CHINA,6
194,GATES LEAR JET,6
195,ANTONOV,6
196,NEW PIPER AIRCRAFT INC,6
197,SONEX,6
198,SAAB-SCANIA AB (SAAB),6
199,NANCHANG,6
200,SMITH MINIPLANE,6
201,AIR TRACTOR INC.,6
202,EIPPER,6
203,EVEKTOR AEROTECHNIK,6
204,QUEST AIRCRAFT COMPANY LLC,6
205,JOHNSON,6
206,EMBRAER-EMPRESA BRASILEIRA DE,6
207,MCDONNELL DOUGLAS AIRCRAFT CO,6
208,FISHER,6
209,SUKHOI,6
210,HAWKER SIDDELEY,6
211,MILLER,5
212,VELOCITY,5
213,SCOTTISH AVIATION,5
214,THRUSH,5
215,CLASSIC AIRCRAFT CORP,5
216,CULVER,5
217,TAYLORCRAFT AVIATION CORP,5
218,CHALLENGER,5
219,STODDARD HAMILTON,5
220,ZLIN,5
221,ECLIPSE AVIATION CORP,5
222,INTERSTATE,5
223,"RANS, INC.",5
224,RAYTHEON CORPORATE JETS,5
225,STEARMAN AIRCRAFT,5
226,JONES,5
227,PARTENAVIA,5
228,CALLAIR,5
229,MONOCOUPE,5
230,FANTASY AIR SRO,5
231,LIBERTY AEROSPACE INC.,5
232,EXTRA FLUGZEUGPRODUKTIONS-UND,5
233,HOWARD AIRCRAFT CORP.,5
234,BOEING STEARMAN,5
235,STEEN,5
236,PROGRESSIVE AERODYNE,5
237,CZECH AIRCRAFT WORKS,5
238,SIAI MARCHETTI,5
239,CURTISS-WRIGHT,5
240,PIPER/CUB CRAFTERS,5
241,PROGRESSIVE AERODYNE INC,5
242,CIRRUS DESIGN,5
243,ICON,4
244,"SMITH, TED AEROSTAR",4
245,CZECH SPORT AIRCRAFT A S,4
246,WACO CLASSIC AIRCRAFT CORP,4
247,CANADAIR LTD,4
248,TEXTRON AVIATION,4
249,COMMANDER,4
250,CESSNA ECTOR,4
251,FLIGHTSTAR,4
252,BEECH AIRCRAFT CORPORATION,4
253,NELSON,4
254,DASSAULT/SUD,4
255,AERO SP Z O O,4
256,CLARK,4
257,AIR CREATION,4
258,CASA,4
259,JUST AIRCRAFT LLC,4
260,MURPHY AIRCRAFT,4
261,PZL MIELEC,4
262,WEBER,4
263,FANTASY AIR,4
264,RAND,4
265,DENNEY,4
266,COLUMBIA,4
267,EXTRA FLUGZEUGBAU,4
268,ROBERTSON,4
269,GULFSTREAM AMERICAN CORP.,4
270,AMATEUR CONSTRUCTION,4
271,AEROPRAKT,4
272,WHEELER,4
273,AEROVODOCHODY,4
274,CONSOLIDATED VULTEE,4
275,XTREMEAIR GMBH,4
276,AIRCRAFT MFG & DEVELOPMENT CO,4
277,IAI,4
278,ZIVKO AERONAUTICS INC,4
279,MORRISEY,4
280,MUSTANG,4
281,ZENAIR LTD,4
282,SHORT BROS. & HARLAND,4
283,BEARHAWK,3
284,FLIGHTSTAR INC,3
285,DAVENPORT,3
286,WILSON,3
287,MEYERS INDUSTRIES INC,3
288,BEECH AIRCRAFT,3
289,BREEZY,3
290,HAWKER AIRCRAFT LTD,3
291,AIRBORNE,3
292,PHILLIPS,3
293,SONEX AIRCRAFT,3
294,SWANSON,3
295,NORTH AMERICAN/AERO CLASSICS,3
296,CGS AVIATION,3
297,COX,3
298,ULTRALIGHT AMERICA,3
299,AMATEUR BUILT AIRCRAFT,3
300,"PIPER AIRCRAFT, INC.",3
301,VARGA,3
302,CZECH SPORT,3
303,TAYLORCRAFT AVIATION CORP.,3
304,COLONIAL,3
305,INIZIATIVE INDUSTRIALI ITALIAN,3
306,OSPREY,3
307,WHITTMAN,3
308,THOMPSON,3
309,HOWARD AIRCRAFT,3
310,SMITH AEROSTAR,3
311,HAWKER BEECH,3
312,HOWARD,3
313,AVID AIRCRAFT,3
314,NORTH WING,3
315,REMOS,3
316,MCDONNELL-DOUGLAS,3
317,VOLMER AIRCRAFT,3
318,BRM AERO,3
319,BIRD,3
320,SHORT BROTHERS,3
321,HOMEBUILT,3
322,EVANS AIRCRAFT,3
323,COOK,3
324,PHANTOM AERONAUTICS,3
325,TED SMITH,3
326,STARDUSTER,3
327,MORAVAN,3
328,AMERICAN GENERAL ACFT CORP,3
329,S C AEROSTAR S A,3
330,AVIONS ROBIN,3
331,COMMONWEALTH,3
332,FPNA LLC,3
333,BENNETT,3
334,RAINBOW SKY REACH (PTY) LTD,3
335,GOLDEN CIRCLE AIR,3
336,DASSAULT AVIATION,3
337,ECLIPSE AVIATION CORPORATION,3
338,AEROPRO CZ S R O,3
339,SKYKITS CORP,3
340,AEROSTAR S A,3
341,SAVAGE,3
342,FOUND ACFT CANADA INC,3
343,MASON,3
344,ROSE,3
345,CITABRIA,3
346,AVRO,3
347,DOWNER,3
348,PORTERFIELD,3
349,VARIEZE,3
350,S.O.C.A.T.A.,3
351,MUSE,3
352,PITTS AEROBATICS,3
353,MORRISON,3
354,EDGE,3
355,PITTS SPECIAL,3
356,QUAD CITY ULTRALIGHT AIRCRAFT,3
357,PACIFIC AEROSPACE CORP LTD,3
358,ICON AIRCRAFT INC,3
359,MX AIRCRAFT LLC,3
360,AEROSTAR ACFT CORP OF TEXAS,3
361,JIHLAVAN,3
362,NEIVA,3
363,AMERICAN AVIATION CORP. (AAC),3
364,MAXAIR,3
365,CAPELLA,3
366,DIAMOND AIRCRAFT,3
367,HONDA AIRCRAFT CO LLC,3
368,CONSTRUCCIONES AERONAUTICAS SA,3
369,ECLIPSE AVIATION,3
370,CRAWFORD,3
371,TRAVEL AIR,3
372,STOLP STARDUSTER,3
373,BICE DAVID E,2
374,DAHER,2
375,DAVIS MICHAEL J,2
376,PIGGOTT JOHN H,2
377,FISHER MICHAEL E,2
378,HAGERTY,2
379,G-DAWG LLC,2
380,ACRO SPORT,2
381,CANADIAN CAR & FOUNDRY,2
382,NORD,2
383,AIRCRAFT MFG & DESIGN LLC,2
384,RANS INC,2
385,CARPENTER,2
386,BARRON,2
387,STARDUSTER II,2
388,AEROFAB INC,2
389,JAHNS,2
390,ALEXANDER,2
391,737,2
392,FINNEY THORP,2
393,HEMP TIMOTHY,2
394,REIMS AVIATION SA,2
395,UNIVERSAL,2
396,NORTHWING,2
397,GRUMMAN AIRCRAFT ENG CORP,2
398,THOMAS,2
399,EXPRESS,2
400,VAUGHN,2
401,GORDON,2
402,MURPHY,2
403,CALVIN NATE H,2
404,HEINLEIN GEORGE,2
405,GROSCH,2
406,AERO ADVENTURE,2
407,SCHUMACHER,2
408,THATCHER,2
409,AERO VODOCHODY AERO. WORKS,2
410,ROCKWELL INTL,2
411,COMMANDER AIRCRAFT COMPANY,2
412,MEYER,2
413,HAWKER-BEECHCRAFT,2
414,MARTIN,2
415,HATZ,2
416,CAMPBELL EARL S JR,2
417,FLAGG,2
418,AVIONS MAX HOLSTE,2
419,REMOS AIRCRAFT GMBH FLUGZEUGBA,2
420,QUICKSILVER ENTERPRISES INC,2
421,EXPERIMENTAL,2
422,DANIELS ALAN L,2
423,INTERPLANE,2
424,JOE SALOMONE,2
425,REIMS-CESSNA,2
426,FUNK,2
427,"WOLSELEY MOTORS, INC.",2
428,WSK-MIELEC,2
429,BUSHBY,2
430,DOWNER AIRCRAFT INDUSTRIES,2
431,M-SQUARED,2
432,S.C. AEROSTAR S.A.,2
433,STOL,2
434,ARION,2
435,GATES LEAR JET CORP.,2
436,HONDA AIRCRAFT,2
437,SKYSTAR,2
438,COLYAER SL,2
439,THURSTON,2
440,GRUMMAN ACFT ENG,2
441,COSTRUZIONI AERONAUTICHE,2
442,POBEREZNY,2
443,DAVIS,2
444,BEST OFF,2
445,LIBERTY AEROSPACE,2
446,BEDE AIRCRAFT,2
447,L-BIRD LLC,2
448,CZECH SPORTPLANES SRO,2
449,QUAD CITY ULTRALIGHT ACFT CORP,2
450,"THRUSH AIRCRAFT, INC.",2
451,TROM WAYNE,2
452,DAVISON,2
453,AIRCRAFT MFG & DVLPMT CO,2
454,RANS EMPLOYEE FLYING CLUB,2
455,BORING ROBERT BURTON,2
456,JUST AIRCRAFT,2
457,VICKERS,2
458,MOYES BAILEY,2
459,NAVAL AIRCRAFT FACTORY,2
460,AEROSTAR AIRCRAFT CORPORATION,2
461,WHITE,2
462,HOFFMAN,2
463,GRUMMAN AMERICAN AVIATION,2
464,BEDE,2
465,BEAGLE,2
466,DAY WILLIAM L,2
467,GROB-WERKE,2
468,M SQUARED,2
469,"CUBCRAFTERS, INC",2
470,ERCO,2
471,AEROS LTD,2
472,AUSTER,2
473,GOLDEN EAGLE,2
474,EAGLE AIRCRAFT CO.,2
475,TUBBS S/PERFORMANCE AIR INC,2
476,ARTIC AIRCRAFT CORP.,2
477,FOUND AIRCRAFT CANADA INC,2
478,CLIFF,2
479,GRUMMAN SCHWEIZER,2
480,EVEKTOR,2
481,CZECH SPORT AIRCRAFT,2
482,PEREYRA,2
483,FRANKLIN,2
484,PORTER JAMES GRANT,2
485,COSMOS,2
486,MANTELL ALLAN T,2
487,HARRIS PIERCE,2
488,LOCKWOOD,2
489,VAN'S AIRCRAFT,2
490,BUCKER JUNGMANN,2
491,BRANDT,2
492,BAE SYSTEMS,2
493,FISHER FLYING PRODUCTS,2
494,SPORT PLANE DYNAMICS LLC,2
495,PERTH AMBOY,2
496,AYRES THRUSH,2
497,EUROPA,2
498,NORTHROP,2
499,ELMWOOD,2
500,AEROTECHNIK,2
501,LONG,2
502,COMMANDER AIRCRAFT CO,2
503,CUBCRAFTER,2
504,SKYKITS,2
505,AIRPLANE FACTORY (PTY) LTD,2
506,AVEKO SRO,2
507,STITS FLUT-R-BUG,2
508,GIPPSLAND,2
509,PALMER,2
510,HIRSCH,2
511,GULFSTREAM AM CORP COMM DIV,2
512,ADKINS,2
513,SKYKITS USA CORP,2
514,MICCO AIRCRAFT COMPANY,2
515,AERMACCHI,2
516,JACKSON,2
517,ALVAREZ MARVIN R,2
518,PALEN,2
519,COMP AIR,2
520,BELL,2
521,CESSNA/AIR REPAIR INC,2
522,NEW PIPER,2
523,FOCKE-WULF,2
524,REIMS AVIATION,2
525,SIMMONS,2
526,GRENIER,2
527,DORNIER GMBH,2
528,MXR TECHNOLOGIES,2
529,VARGA AIRCRAFT CORP.,2
530,BLACK DONALD,2
531,UNIVAR,2
532,MYERS,2
533,STEPHENSON,2
534,LARSON,2
535,GOODYEAR,2
536,UNIVAIR AIRCRAFT CORPORATION,2
537,ROGERS,2
538,APPEL,2
539,MAGNAGHI AERONAUTICA SPA,2
540,ARADO-FLUGZEUGWERKE GMBH,2
541,DIXON,2
542,LET,2
543,PPHU EKOLOT,2
544,AEROSPATIALE,2
545,PZL OKECIE,2
546,WILLIAMS,2
547,PECK,2
548,JIHLAVAN AIRPLANES SRO,2
549,QUICKSILVER MANUFACTURING INC,2
550,FETHEROLF,2
551,KUCKLICK,2
552,FOUGA,2
553,ROBINSON MICHAEL E,2
554,ALLEN,2
555,ANDREWS,2
556,BORDELON,2
557,MEUER MARK,2
558,PIEL,2
559,FAIRCHILD HELI-PORTER,2
560,MIKOYAN GUREVICH,2
561,BIRCHLER BOYD,2
562,CLASSIC AIRCRAFT CORP.,2
563,WAG-AERO,2
564,MURRAY,2
565,COLLINS,2
566,OLSON,2
567,GRAY,2
568,KINNER,2
569,MCCLISH,2
570,GUNNOE,2
571,STANTON,2
572,DEVEREUX,2
573,AYERS,2
574,BAILEY,2
575,BYLER,2
576,EADS SOCATA,2
577,BELCHER WILLIAM B II,2
578,2021FX3 LLC,2
579,HUDSON,2
580,GALLAGHER,2
581,ROCKWELL COMMANDER,2
582,HI-MAX,2
583,TAYLOR,2
584,AMATEUR BUILT,2
585,M-SQUARED AIRCRAFT,2
586,BOWERS FLY BABY,2
587,AMERICAN LEGEND AIRCRAFT CO.,2
588,MERCER,2
589,WSK-PZL WARZAWA-OKECIE,2
590,CHANCE VOUGHT,2
591,VASHON AIRCRAFT,2
592,WESTON,2
593,RICE,2
594,PARKER,2
595,PROBST,2
596,EMBRAER S.A.,2
597,WACO CLASSIC AIRCRAFT CORP.,2
598,WING,2
599,GRENIER RAYMOND,2
600,NICKEL,2
601,MOORE,2
602,UNIVAIR,2
603,BAGLEY CURTIS LYNN,2
604,BAKENG,2
605,FAIRCHILD(HOWARD),2
606,ROCKWELL INTL.,2
607,NOKES MATTHEW,1
608,DELWYN SCHMIDT,1
609,BRISTELL,1
610,WOODROW LARRY W,1
611,FACEBOOK UK LTD,1
612,RANDALL W GRANDPRE,1
613,CONSOLIDATED  AERONAUTICS INC.,1
614,HUBBARD WILLIAM H,1
615,BUTTERHOF ANTHONY J,1
616,STUHLMILLER ROBERT,1
617,G ELWIN HALVORSEN,1
618,SHORT BROTHERS PLC,1
619,ERVIN REX H,1
620,ROBERTS,1
621,MURRAY BLAIR L,1
622,LAMB-ROBIN,1
623,GRANGER MICHAEL D,1
624,RAYTHEON CORPORATE JETS INC,1
625,PENELL MARK A,1
626,FURGASON JAMES E,1
627,ILYUSHIN,1
628,GILCHRIST,1
629,GARY A JAMIESON,1
630,KNOX MARION L,1
631,KIRBYBILT AIRCRAFT,1
632,LIBERTY,1
633,BRYAN JERRY R,1
634,MATHIEU,1
635,DEVOE,1
636,BOGLE ABSEY C,1
637,REFLING,1
638,YOUNG JOHN E,1
639,DAFOE GERALD W,1
640,MATTHEWS H THOMAS,1
641,BRANDT LEROY E,1
642,BOAM LARRY,1
643,CESSNA SKYHAWK II,1
644,CANADIAN LIGHT ACFT SALES &SVC,1
645,HAPHEY BRUCE FREDERIC,1
646,U-FLY-IT,1
647,CRAIG D CARTER,1
648,SEWELL WILLIAM K,1
649,GLIMN,1
650,AMATURE BUILT,1
651,JOHNSON GARY,1
652,DON W GUICE,1
653,MANISCALCO,1
654,GILL CRAIG,1
655,HIER JAMES A,1
656,STAUDACHER AIRCRAFT INC,1
657,HUNZIKER,1
658,RADDATZ STEVE,1
659,JIM RIGGS,1
660,DONHAM TIMOTHY J,1
661,ROGERS HOMER/ROGERS SHEILA,1
662,SIKES,1
663,LEFEVER PAUL M,1
664,BR LEGEND LLC,1
665,WILSON MICHAEL A,1
666,JEROME D FISCHER,1
667,MCPHERSON JOHN G,1
668,SMITH VILAS,1
669,COMP AIR INC. (PLAMBECK),1
670,FAUNCE,1
671,CONSOLIDATED AERONAUTICS,1
672,EARL ALLEN,1
673,CRIQUET AVIATION BOGOTA COLUMB,1
674,ROBERT M. JONES,1
675,KEVIN D. YARNEVICH,1
676,ZIDEK,1
677,KOONS DONALD H,1
678,BUHLMANN HOWARD,1
679,SWEENEY TIMOTHY J,1
680,SHAFFER DONALD,1
681,HOWELL BOB,1
682,MOORE JOSEPH O,1
683,HARRY OAS,1
684,WINGS AN THINGS INC,1
685,JOHN STEVEN CATURIA,1
686,VAN B ANTHONY,1
687,OLMSTED CHARLES A,1
688,GREG CONNELL,1
689,BELCHER,1
690,LOGAN JERRY L,1
691,CHRISTOPHER TOM,1
692,MORSE FRANK L,1
693,BUCKER JUNGMEISTER,1
694,M7 AEROSPACE LLC,1
695,MONNETT JOHN T JR,1
696,BUHL,1
697,SEA & SKY INC DBA KRUCKER ACFT,1
698,"HALL, WENDALL W",1
699,RYSKAMP BRUCE A,1
700,BENJAMIN HAROLD E,1
701,WATSON DAVID E,1
702,SMILEY JAMES E,1
703,GROSS MICHAEL E,1
704,MAHER DANIEL J,1
705,SEGUIN,1
706,BURR,1
707,DUENAS,1
708,SMITH CAPELLA,1
709,JEWETT BRANDON,1
710,SONEX LIMITED,1
711,GARRATT MANSFIELD W,1
712,BRUNZLICK LARRY R,1
713,SKAGGS RONNIE LYNN,1
714,BOBBI BOUCHER,1
715,FOX AL,1
716,S C AEROSTAR S .A.,1
717,VENUS,1
718,HARRITY WILLIAM V,1
719,HENDERSON W A/JOHNSON W L,1
720,COOPER MICHAEL C,1
721,RAUDENBUSH ERNIE,1
722,CAUGHRAN TERRY,1
723,MCDONNELL DOUGLAS CORPORATION,1
724,SWARTZ GENE,1
725,GLINES KENNETH,1
726,BROOK AARON D,1
727,MINI MAX,1
728,FERENCE JOHN W,1
729,SANDERSON HERBERT H,1
730,CORNELL W F/SAHAKIAN J A JR,1
731,BARROW TED A,1
732,DOVA AIRCRAFT,1
733,WEATHERLY AVIATION COMPANY INC,1
734,BRITISH AEROSPACE CIVIL AIRCR,1
735,MORMILE FRANCIS W,1
736,CAPELLA AIRCRAFT CORPORATION (,1
737,SEELA GERALD L,1
738,FOXWORTHY ROY,1
739,BURTON DENNIS W,1
740,PINKSTON RANDY T,1
741,MCKINNEY CHARLES R,1
742,EASTERWOOD MARK W,1
743,VIKING (CLARKE),1
744,BOYD KENNETH C,1
745,WAYLAND JOHN H,1
746,LERCH,1
747,GRAVES BRYON S,1
748,"PIERCE, HENRY",1
749,MARKS STEVEN,1
750,GOLDEN CIRCLE AIR INC,1
751,MCMICHAEL ELMER L,1
752,TEMPLE BENJAMIN,1
753,BOATRIGHT WAYLON,1
754,RAINBOW SKY REACH,1
755,HINTON PAUL M,1
756,J. SCHILLING,1
757,GLENN TIMOTHY C,1
758,ROCCI MARTIGNONI,1
759,AVIONS MUDRY ET CIE,1
760,HANSON ROBERT H,1
761,BROWN MARK,1
762,JONES RALPH D,1
763,PORRATA LUIS G,1
764,KEVIN METZLER,1
765,KAI ENGSTAD,1
766,EDWARD M VAN MORLAN,1
767,JOHNSON GLENN L,1
768,EROS,1
769,BAREISS DAVID A,1
770,AEROFAB INC.,1
771,BERT N NORRIS,1
772,VIKING AIR LIMITED,1
773,NICHOLSON DAVID F,1
774,CHRISTENSEN STEVE,1
775,GONZALEZ MANUEL A,1
776,STICK & RAG FLYING CLUB,1
777,STOL LLC,1
778,EICHHORN GARY L,1
779,BARNETT ALLEN S,1
780,GERDTS MARK E,1
781,BARNES THOMAS A,1
782,O'DELL,1
783,EXPERIMENTAL AMAT BUILT,1
784,EAGLE AIRCRAFT CO,1
785,TIMOTHY C WILLIAMS,1
786,FRANK WARE,1
787,HIRN ASSOCIATES LTD,1
788,BUSHMASTER,1
789,NORTON CLAUDE C,1
790,SANFORD,1
791,WELCH FLOYD L,1
792,ROBERTS BRUCE W,1
793,AVENTURA,1
794,BURKES,1
795,3XTRIM,1
796,YORK,1
797,HOLLEY CAROL L,1
798,GERALD NELSON,1
799,MELVIN K CALLEN,1
800,HICKHAM,1
801,MCHUGH TONY,1
802,NAKAJIMA,1
803,CLEVELAND ALLAN B,1
804,POLLACK,1
805,BARTELS,1
806,THOMAS A SIMINSKI,1
807,OHLGREN,1
808,KELM DAVID,1
809,RATTE JAMES,1
810,ARIOSTO JAMES J,1
811,BILLY AMERSON,1
812,THOMAS D. PARKES,1
813,HARRIS-RUNYAN,1
814,WRIGHT DANIEL J,1
815,GLAESER,1
816,ALONSO,1
817,SHEAHEN DANE E,1
818,PRUSS RICHARD S,1
819,FLOHR DAVID J,1
820,BROWN JAMES W,1
821,PHILIP D ANDERSON,1
822,TUMBLING GOOSE LLC,1
823,WORLD AIRCRAFT CO,1
824,SORENSEN DANNY,1
825,MCCORKLE ROBERT B,1
826,BOEVE EARL,1
827,BOARD JAMES A,1
828,JESSE SAINT/TROY TOWNSEND/ETHA,1
829,BROCKMAN WILLIAM A,1
830,SPERLING RICHARD G,1
831,LARRY KETTERLING,1
832,SCHMIDT DONALD L,1
833,SWEET WAYNE A,1
834,JOSEPH BENDER,1
835,KAMTZ,1
836,MILLER/CULPEPPER,1
837,BROWN ROBERT K,1
838,LENNOX KENNETH J,1
839,MARCONI FRED I JR,1
840,LOWERRE BRUCE T,1
841,TIMOTHY J COWPER,1
842,VENABLES ZENITH,1
843,KENNETH M FRANZ,1
844,SUTPHIN,1
845,BELLER,1
846,FULLER VAN L,1
847,L GOLDNER,1
848,MCDONALD HOWARD BRIAN,1
849,POHOSKI,1
850,DENISAR RICHARD A,1
851,BAE SYSTEMS (OPERATIONS) LIMIT,1
852,MUSICK,1
853,GLASAIR AVIATION USA LLC,1
854,CLEVENGER JIMMIE B,1
855,SWEDENER,1
856,CANTRELL LW,1
857,STETSON NORMAN B,1
858,BARROW,1
859,DOUGLAS BRIAN G,1
860,KERR MATTHEW,1
861,SUPER 18 LLC,1
862,BRYANT FREDERICK M,1
863,GRIFFITH E/BOYD W E,1
864,URBAN AIR SRO,1
865,FETTERMAN LANNY R,1
866,ROBERT GOLDING,1
867,ANDERAS,1
868,TL ULTRALIGHT,1
869,MARK C PAULS,1
870,CONSOLIDATED AERONAUTICS INC,1
871,HOSKINS SAMUEL R,1
872,HENDERSON MICHAEL E,1
873,"BOEING COMPANY, LONG BEACH DIV",1
874,BREEZER AIRCRAFT,1
875,CESSNA/WEAVER,1
876,MAXAIR DRIFTER,1
877,TYLER IVES,1
878,CROWDER MICHAEL H,1
879,SCHEEL STANLEY K,1
880,YUNEEC,1
881,TEAL HARRY H,1
882,ROVEY JASON H,1
883,RICHARD S DUNCAN,1
884,NORMAN,1
885,BAYER OSCAR,1
886,FARACE THOMAS SCOTT,1
887,DONALD G STOKES,1
888,OLSON PERRY D,1
889,FRITZ NEUMEYER,1
890,WORTHINGTON DONALD WAYNE,1
891,BUCKEYE INDUSTRIES,1
892,ROBERT A MILLER,1
893,ROBERT J REIMBOLD,1
894,HELPLING HELEN C,1
895,BELISLE THOMAS J,1
896,FORTUNA DAVE,1
897,TERRY F KING,1
898,MONROE DENNIS,1
899,MOORE THOMAS O,1
900,QUEST AIRCRAFT COMPANY,1
901,WILLIAMS MYRON G,1
902,LARSEN,1
903,MAULE AIRCRAFT CORP,1
904,KALDOR GREGORY N,1
905,WATERS PETER T,1
906,KURTZ JAY B,1
907,OLSON KENNETH H T,1
908,FAIRCHILD INDUSTRIES,1
909,BIESEMEIER DAVID I,1
910,MOFFITT OSCAR/ KIT PROSTAR A/C,1
911,ANDERSON ANDREAS,1
912,THOMPSON WILLIAM A,1
913,MAARTEN H VERSTEEG,1
914,PRIZIO,1
915,CLAYHOLD,1
916,FK LIGHTPLANES,1
917,HALLENDORF TOM,1
918,WEINZIERL,1
919,PETER W STEVENS,1
920,CRAIG C WALLS,1
921,MAHON PAUL D,1
922,FOGG,1
923,HILLAM SCOTT L,1
924,WILLIAMS CHRISTOPHER T,1
925,VICTOR M CORDERO,1
926,SABRENA,1
927,PARTENAVIA S.P.A.,1
928,ROGERS GEORGE T,1
929,GLOS WALLIS RICHARD JR,1
930,SNYDER TODD W,1
931,CROW,1
932,WALKER PHIL,1
933,FRANKE RUSSELL J,1
934,ATKINS,1
935,EDWARD W GRAY,1
936,SCHOONOVER JOHN D,1
937,NEEDHAM,1
938,JANS ROBERT,1
939,WING HAROLD,1
940,POOLE ROBERT C JR,1
941,DEAN LESLIE N,1
942,ALEXANDER DUANE A,1
943,MASON ROBERT,1
944,ADOLPHSON,1
945,HOOK,1
946,"NEWGENT, BARRY",1
947,ESKILDSEN,1
948,HUGHES CHARLES R,1
949,STEELE RALPH BRUCE,1
950,"ANKESTAR, BRADLEY D.",1
951,THOMAS DAVID W,1
952,PECK NORMAN O,1
953,TOMISIN THOMAS J,1
954,MAXFLY INC/MCKAY WM,1
955,OWENS,1
956,STRIBLING,1
957,ANDRE KOSTRZEWA,1
958,ROBIDOUX LIONEL,1
959,KAUFMANN,1
960,JEREMIAH JACKSON,1
961,BREWER JAMES M,1
962,STRIBLING JAMES L,1
963,HEINZ,1
964,BENTON FRED D,1
965,MALLORY CHRISTOPHER L,1
966,SHOEMAKER JAMES B,1
967,NORTH AMERICAN-MEDORE,1
968,TRIAD INTERNATIONAL TECHNOLOGY,1
969,ST CLAIR,1
970,AVIONS FAIREY,1
971,DOMBROSKI FRANK,1
972,TTX AIR LLC,1
973,BLUMER,1
974,ISAAK PAUL G,1
975,NELSON LARRY L,1
976,781569 INC,1
977,EMBRAER AIRCRAFT,1
978,MCNULTY JOHN S,1
979,ALLEN JAN A,1
980,FLIGHTSTAR SPORTPLANES,1
981,BOSWELL JOHN J,1
982,FLEMING ELDRIDGE E,1
983,LUY WAYMAN,1
984,QUARNOCCIO,1
985,KINCAID WADE,1
986,THOMPSON BRUCE D,1
987,MARINO,1
988,JOHNSON GARRET W,1
989,GRUMMAN AIRCRAFT COR-SCHWEIZER,1
990,KRIPS JACK E JR,1
991,JIM BRADDOCK,1
992,MILLHOUSE D SCOTT,1
993,"COOPER, DAVID W.",1
994,WESTER/STEIGER,1
995,DURFEE FRED,1
996,HOWARD M. SHEPHERD,1
997,CLAYTON GERALD H,1
998,DAVID W OAKES,1
999,DEAN DAVID E,1
1000,NASA AMES RESEARCH CENTER,1
1001,WOODS RUFUS III,1
1002,PHELPS,1
1003,FOLLAND AIRCRAFT CO LTD,1
1004,JDT,1
1005,BOSON,1
1006,DORMAN,1
1007,GARY W BETTIS,1
1008,DRESSEN,1
1009,WILSON WILLIAM M,1
1010,WAMPACH,1
1011,SHELDRICK JOHN H,1
1012,GARLAND,1
1013,STIEGELMEYER JOHN R,1
1014,ULTRAMAGIC SA,1
1015,YOUNGS WILLIAM D,1
1016,GRAVES,1
1017,AEROTEK INC,1
1018,VINK ROBERT D,1
1019,THOMSEN,1
1020,BOEING-STEARMAN,1
1021,"AVIAT AIRCRAFT, INC.",1
1022,AVERY JACK H,1
1023,DIAMOND AICRAFT INDUSTRIES INC,1
1024,DANKELMAN PETER G,1
1025,CHARLES PEET,1
1026,MARTIN CHARLES A,1
1027,CHICCO,1
1028,OCONNOR PAUL A,1
1029,NBB INC,1
1030,TITAN AEROSPACE HOLDINGS INC,1
1031,MILLER RAYMOND A,1
1032,TOERNER BOB,1
1033,MARSH AVIATION,1
1034,KOVARS GARY D,1
1035,FOXAIR LLC,1
1036,HUGHES AERO CORP,1
1037,VIGUIE G/VIGUIE M,1
1038,INDUS AVIATION INC.,1
1039,CGS AVIATION LLC,1
1040,TUBERVILLE,1
1041,WINSTON W WALKER,1
1042,SLINGSBY,1
1043,DOUBLEDAY DONALD,1
1044,HUEBBE,1
1045,HENRY STEVEN J,1
1046,"LANGSTON, FREDERICK L",1
1047,WILLIAMS GLENN,1
1048,BELL BILL,1
1049,MCCRARY BOBBY C JR,1
1050,ROSS H/HERRIOTT M,1
1051,SIEGEL GERALD,1
1052,STAFFORD WAYNE H,1
1053,CORBEN BABY ACE,1
1054,GASTON THOMAS D,1
1055,DAVIS BENNY,1
1056,FUNK RALPH,1
1057,CAMPBELL,1
1058,EALAND CHARLES,1
1059,GALLAGER JOHN C,1
1060,CISMOWSKI,1
1061,BACKOVICH GEORGE C,1
1062,NOLIN,1
1063,DARNEY,1
1064,CESSNA REIMS,1
1065,LORENTZEN,1
1066,STANLEY ARTHUR FREEMAN,1
1067,SACCIO THOMAS A,1
1068,MANWEILLER,1
1069,BARGER JERRY L,1
1070,MILLER GREGORY S,1
1071,DIAMOND AIRCRAFT INDUSTRIES IN,1
1072,LUNDAK ROBERT,1
1073,WILLIAM M OPRENDEK,1
1074,TIFFT,1
1075,BUTCHER RUSSELL A,1
1076,QUICKSILVER EIPPER ACFT INC,1
1077,PREISS VANS,1
1078,MCHOLLAND,1
1079,JOHNSON DAVID EARL,1
1080,THOMAS R WADE,1
1081,SAAB-SCANIA AB,1
1082,SCHUPP EDWARD W,1
1083,HOKE BOBBY F,1
1084,JONES RONALD C,1
1085,JIMENEZ,1
1086,BOEING 777-306ER,1
1087,LANSHE AEROSPACE,1
1088,MCCURRY CHARLES P,1
1089,PICARD ROY J,1
1090,DAVID SHELL,1
1091,SPAULDING ERROL,1
1092,KERR JOHN A,1
1093,AEROSPOOL,1
1094,MERIAN RICHARD F,1
1095,FIEBICH PAUL DEAN,1
1096,BEDECORP LLC,1
1097,SHORT BROTHERS & HARLAND LTD.,1
1098,RENNICKE MIDGET MUSTA,1
1099,ROBERT C. HANSON,1
1100,JAMES KILROY,1
1101,MICHAEL WILSON,1
1102,WILLIAM D DURKEE,1
1103,CUB CRAFTER,1
1104,AHRENS GERD H,1
1105,GOUDIE,1
1106,SCHMIDT ALBERT D,1
1107,FERDON,1
1108,BAUER THOMAS G,1
1109,FARTHING JAMES W II,1
1110,MDS FYING LLC,1
1111,PIONEER,1
1112,PAC,1
1113,GIBBS,1
1114,BRUCT J MYERS,1
1115,SHANNON WILLIAM,1
1116,EAGLESTON JOHN H,1
1117,CHRISTOPHER JON BROWN,1
1118,SCHNEIDER RICHARD J,1
1119,RICHARD LACOURSE,1
1120,ROBERTSON JAMES F,1
1121,EVO13 LLC,1
1122,JOHNSON JOEL H,1
1123,ZENITH ACFT CO,1
1124,ARNOLD,1
1125,BOMBARDIER CANADAIR,1
1126,ADAMS DONALD L,1
1127,MCMURRAY DAVID C,1
1128,ACKLAND JEFFREY DEAN,1
1129,JEROME A BAAK,1
1130,NEBERT,1
1131,FREDERICK HAYS-ROTH,1
1132,TEUNIS,1
1133,OFFCHISS EDWARD R,1
1134,HERMANN BJORN,1
1135,CRAIG W SHERMAN,1
1136,BELEW MARSHALL D II,1
1137,SCHRIEBER ROBERT L,1
1138,ADAMS,1
1139,MEYER CLAIR O,1
1140,DITTENBER THOMAS J,1
1141,JACKSON FRED M,1
1142,KNAUF,1
1143,BAILEY ROBERT,1
1144,MEYER GEOFFREY A,1
1145,GULFSTREAM SCHWEIZER A/C CORP,1
1146,COSMOS PHASE II,1
1147,SIMMONS WILLIAM E,1
1148,ERICK MAGNO & ASSOC PA,1
1149,BRUMWELL,1
1150,ZACH VANS,1
1151,BOLLINGER ROBERT L,1
1152,LANDRUM KELLY T,1
1153,BRM AERO SRO,1
1154,ROSS ALFRED K/ONEILL TERRENCE,1
1155,DIVIS S L/WALTRIP A J,1
1156,GINGRAS MICHEL,1
1157,ELEMDORF,1
1158,AIRPLANE FACTORY (PTY) LTD THE,1
1159,COULTER HUGH CLARKE,1
1160,ALPI AVIATION,1
1161,177MF LLC,1
1162,KINSLER ARTHUR PAUL,1
1163,MORRIS THOMAS LEE,1
1164,PAZMANY,1
1165,HOFFIUS STOWE,1
1166,SAM R PEACHEY,1
1167,KALMAN GEORGE,1
1168,SANTSCHI CHRIS A,1
1169,JOHN V RAWSON JR,1
1170,LAURITSEN RALPH M,1
1171,WONDER MICHAEL S,1
1172,KENNETH A BERGER,1
1173,SMYTHE DONALD F,1
1174,FDR601 LLC,1
1175,SIBLEY,1
1176,EVOLUTION TRIKES,1
1177,MAZUREK KEITH P,1
1178,DOYLE JAMES E,1
1179,SKYRAIDER,1
1180,WILEY,1
1181,HANSON LONN,1
1182,COTE JAMES,1
1183,DAVID L THOMPSON,1
1184,DAVID FITZGERALD,1
1185,PHANTOM AIRCRAFT CO,1
1186,BARGER STEVE M,1
1187,JACKSON JEREMIAH D,1
1188,EIPPER FORMANCE INC,1
1189,TERRY W. THAYER,1
1190,BECKER ELMER L,1
1191,FRANKE ROLAND,1
1192,THIBAULT MICHAEL L,1
1193,HERDER MICHAEL,1
1194,RANS AIRCRAFT,1
1195,NASDALLA,1
1196,THOMAS C SIKES,1
1197,BERTAGNA JOHN,1
1198,SCHAFER RICK W,1
1199,OHLGREN BRENT E,1
1200,LORENZ STEPHEN,1
1201,KLAAS DEVELOPMENT INC,1
1202,STEVEN R MCNEESE,1
1203,BRIAN TURNER,1
1204,ZIMMERMAN,1
1205,GARRAMONE MIKE A,1
1206,SLAUGHTER MIKE,1
1207,LAWSON RONALD S,1
1208,ZUBAIR S KHAN,1
1209,BAILEY-MOYES MICROLIGHTS,1
1210,DELCONTE EMIDIO J,1
1211,PEKOLA JAMES W,1
1212,MCKENZIE DOUGLAS E,1
1213,DANTONIO,1
1214,HOLMLUND VICTOR P,1
1215,ODEN WELDON PAT,1
1216,RENDER,1
1217,BLACK CHRISTOPHER,1
1218,BOSCO DON,1
1219,WILDERODER,1
1220,SILER RONALD E,1
1221,JANNAKOS GREGORY P,1
1222,WINDER ROBERT S,1
1223,ROSCHER FREDERICK,1
1224,FEDERSEN WALTER,1
1225,SUTTON WILLIAM J,1
1226,LIMING LOUIS L,1
1227,APPLEGATE,1
1228,SCHABACKER KONRAD J,1
1229,WAG-A-BOND TRAVELLER,1
1230,PHILLIP B ROLLS,1
1231,HONDA,1
1232,BURG FREDERICK S,1
1233,DAVIS DAN B,1
1234,777,1
1235,JABIRU USA SPORT AIRCRAFT,1
1236,MAGNUS AIRCRAFT LLC,1
1237,FORISCH EDWARD,1
1238,ROWE DENNIS A,1
1239,HINE T L/JOHNSON R,1
1240,THRUSH AIRCRAFT LLC,1
1241,DAVIS DONALD M,1
1242,MICHAEL J ROBBINS,1
1243,SPITFIRE,1
1244,MOBI-LIGHT,1
1245,MEYERES F L/MEYERES M M,1
1246,JABIRU AIRCRAFT PTY LTD,1
1247,ISRAEL AEROSPACE INDUSTRIESLTD,1
1248,MARQUART,1
1249,STORM FURY,1
1250,LEGACY,1
1251,POST,1
1252,GEORGE MATTHEW WAGONER,1
1253,ZLIN AVIATION,1
1254,M7 AEROSPACE,1
1255,BLEVINS KAMRON,1
1256,GROB,1
1257,HUTSON,1
1258,FORD STEPHEN L,1
1259,AFICIONADO,1
1260,ECLIPSE,1
1261,WALTON DANIEL J,1
1262,QUAD CITY AIRCRAFT CORP,1
1263,EMBRAER SA,1
1264,MOONEY INTERNATIONAL CORP,1
1265,CREEK MICHEL W,1
1266,PLANTE,1
1267,RANDY WAYNE MALONEY,1
1268,HECKEL,1
1269,ZENAIR ZODIAC,1
1270,RIVERS LINDSEY LEE,1
1271,ABBETT GERRY,1
1272,GATES LEARJET CORP,1
1273,BABENCO HENRY D.,1
1274,TURCOTTE JR ROBERT L,1
1275,STEINMAN MARK E,1
1276,DOUGLAS K THOMPSON,1
1277,VARNER DAVID L,1
1278,PAGE JOSEPH E,1
1279,HARRY CROSBY (VANS),1
1280,MYRON OLESON,1
1281,ESLINGER C W/ESLINGER S M,1
1282,SCOTT MILLS,1
1283,PAYNE STEVEN R,1
1284,BAILEY N MOYES,1
1285,JOPLIN,1
1286,DEHAVILLAND CANADA,1
1287,GARY JAMES LAIL,1
1288,TURBINE CUBS OF WYOMING LLC,1
1289,MADERA,1
1290,RICHARD S CARPENTER,1
1291,DRIVER,1
1292,KEVIN P STOLHAMMER,1
1293,MILLSAP DENNIS,1
1294,BOROM,1
1295,STEPHEN L KRUER,1
1296,KUYKENDALL CHARLES,1
1297,WEISS DENIS,1
1298,LITEFLITE PTY LTD,1
1299,LARRY H SLIGAR,1
1300,ALASKAN AIR ADVENTURES LLC,1
1301,SWANN LYNN J,1
1302,EARTHSTAR AIRCRAFT,1
1303,WHEELER C / WHEELER K,1
1304,WESTON JAMES,1
1305,GOODSELL LYNN A,1
1306,ROBERT TREMBLY,1
1307,MCCLURE B J,1
1308,JOHN M CORNEAL,1
1309,MUNSON ROGER J,1
1310,MARK COBY,1
1311,PHILLIPS RALPH W,1
1312,PZL WARSZAWA-OKECIE,1
1313,MAXSON PHIL,1
1314,KEVIN LIPPERT,1
1315,CURNUTT ELTON E,1
1316,GARRISON RONALD L,1
1317,COVEY,1
1318,ANTENOR VELAZCO,1
1319,TONY DUBEANSKY,1
1320,WARE JERRY L,1
1321,BOLSTRIDGE WALLACE R,1
1322,VINING JOHN K,1
1323,DEWSNUP DAVE,1
1324,FERACA EDWARD M,1
1325,CO Z,1
1326,CUNNINGHAM,1
1327,MARLOWE THOOFT,1
1328,MORIARTY MARVIN,1
1329,HALL,1
1330,COZY,1
1331,SMYTH,1
1332,THOMAS LEE,1
1333,REED MIKE,1
1334,FOXWORTHY RICK A,1
1335,WINGTIP TO WINGTIP LLC,1
1336,"LLEWELLYN, WARWINC W",1
1337,KITTY HAWK,1
1338,HIGGINS JOHN H/WILLIAMS JOHN D,1
1339,NEW GLASAIR,1
1340,SYMPHONY AIRCRAFT IND INC,1
1341,JAVRON,1
1342,ANGEL AIRCRAFT CORPORATION,1
1343,JOHN SAMPLE,1
1344,TEAM ROCKET F-1,1
1345,THUNDER MUSTANG,1
1346,GLASSAIR,1
1347,MICHAEL A. WATSON,1
1348,MERWIN,1
1349,LAVIA ARGENTINA,1
1350,SCODA AERONAUTICAL,1
1351,GIGER FRANK R,1
1352,CARBON,1
1353,CAPES,1
1354,DALE BERKBIGLER,1
1355,DAVID SHOTWELL,1
1356,GRIFF,1
1357,JAMES,1
1358,KARNS,1
1359,TRELLA,1
1360,QUICKSILVER AIRCRAFT NORTHEAST,1
1361,KIRK ELLIS WENDELL,1
1362,HOWARD STEVEN C,1
1363,SKYBOLT,1
1364,MERIT AVIATION LLC,1
1365,DONALD BERNARD HIGGS,1
1366,AIRVAN,1
1367,THOMAS WILD,1
1368,WILLIE BENNETT,1
1369,CASHEN,1
1370,BRUMBAUGH DAVID R,1
1371,JUDD,1
1372,VALLDEJULI JOHN A,1
1373,STODDARD-HAMILTON,1
1374,REIMS AVIATION CESSNA,1
1375,ORLICAN,1
1376,LIGHTNING AVION EAB LLC,1
1377,RAF,1
1378,AMERICAN LEGAND AIRCRAFT,1
1379,GREG MILLER,1
1380,WAG AERO,1
1381,DAKOTA,1
1382,PERFORMER,1
1383,SIEBEL,1
1384,USKOSKI,1
1385,MCSWAIN,1
1386,TEAM ROCKET,1
1387,AVIAMILANO,1
1388,JEWETT,1
1389,PILATUS AIRCRAFT,1
1390,RAVEN AIRCRAFT CORPPRATION,1
1391,EVOLUTION,1
1392,ANG,1
1393,STEPHENS WILLIAM E,1
1394,CZECH,1
1395,KJOSTAD JORGEN A,1
1396,RALPH C KIMBALL,1
1397,AERO BRISTELL,1
1398,CCX-2000-0081 LLC,1
1399,PEARSON,1
1400,AMERICAN EUROCOPTER,1
1401,MONTANA,1
1402,SEELE,1
1403,OSPREY 2,1
1404,BOWER,1
1405,RANS S-12,1
1406,PIPISTREL ITALIA SRL,1
1407,BUCKMAN,1
1408,HOLMGREN,1
1409,KEUTHAN AIRCRAFT CORP,1
1410,DAYTON-WRIGHT,1
1411,MUDRY,1
1412,N126C LLC,1
1413,"RHOADS, LARRY E",1
1414,KADE,1
1415,OMF,1
1416,TEAM,1
1417,COYOTE,1
1418,CHAD LEWIS,1
1419,KOSTRAZEWA ANDRE,1
1420,VOLMER,1
1421,LANKENAU,1
1422,NEW KOLB AIRCRAFT CO LLC,1
1423,FURLONG,1
1424,COMCO IKARUS,1
1425,LORAH ELDEN A,1
1426,DARYL BAKER,1
1427,EASTER WILLIAM C,1
1428,UNITED CONSULTANTS,1
1429,VULCANAIR,1
1430,WHITTEN ROBINSON,1
1431,MILLER-THORP,1
1432,HOLLAND MIKE,1
1433,5 RIVERS LLC,1
1434,HOLLIER B C,1
1435,MESCHLER GARY R,1
1436,C A S A,1
1437,ICP SRL,1
1438,C M STUHRENBERG/P C POLETE,1
1439,SHORT,1
1440,HOFFMAN DAVID J,1
1441,THOMAS WAYNE L,1
1442,FALL MARTIN,1
1443,SMYTH SIDEWINDER,1
1444,JACKSON DENNIS,1
1445,BOEING (STEARMAN),1
1446,FLIGHT DESIGN GENERAL AVN GMBH,1
1447,RAY E ROBERTS,1
1448,JAVRON EXPERIMENTAL,1
1449,KNIGHT,1
1450,MXR TECHNOLOGIES INC,1
1451,FAHEY WILLIAM J,1
1452,ALLAN G PIXLEY,1
1453,BOYLE JOSEPH E,1
1454,FISCHER,1
1455,SHEA,1
1456,AMD,1
1457,BURRILL STEVEN E,1
1458,PEPPERD GREG J,1
1459,CRAWFORD JAMES R,1
1460,BAKER EUGENE L,1
1461,ROBERT FITTS,1
1462,BUCKER,1
1463,JAMES C GEYMAN,1
1464,GMK VENTURES LLC,1
1465,BLACKSHAPE,1
1466,BELIEVER,1
1467,KAKELDEY RONALD O,1
1468,CASSULT RACER,1
1469,ARNOLD J/JONES D L,1
1470,SPAUR CHARLES,1
1471,GEIST DONALD R,1
1472,DUFFY RUSSELL A,1
1473,STUCKY STEVEN D,1
1474,LEON E EVERETT,1
1475,STORY CHARLES BRAD,1
1476,SUTPHIN JOHN E,1
1477,BUXBAUM MARK EDWARD,1
1478,WASZAK ARTHUR B,1
1479,GREEN L/GILNER D,1
1480,KINGERY MICHAEL C,1
1481,YATES MIKE E,1
1482,ST CLAIR DAVID L,1
1483,EVANS JAMES JAY,1
1484,MCGLAUGHLIN RICHARD,1
1485,AEROPRAKT MANUFACTURING SP ZOO,1
1486,BALCOMB KENNETH C III,1
1487,PERYERA ARNET,1
1488,SCOTT TERRY G,1
1489,RHINEHART,1
1490,STEPHEN J HOFFMAN,1
1491,SCHMIDT RANDALL M,1
1492,ECLIPSE AEROSPACE INC,1
1493,PIPISTREL D O O,1
1494,MULHOLLAND ROBERT A,1
1495,DETRICK DONALD G,1
1496,PHANTOM,1
1497,GREG HOBBS,1
1498,JAMES R DERNOVSEK,1
1499,SWENSEN,1
1500,SEAMAX AIRCRAFT,1
1501,AAA AIRCRAFT LLC,1
1502,ANGUS WATT,1
1503,CONWAY PHILIP J,1
1504,KNOTT VERNON W,1
1505,MCKENNA GLEN R,1
1506,WILLIAM L BELL,1
1507,SKILES KENNETH C,1
1508,KUMHYR DAVID B,1
1509,JACQUNEAUX GLEN R,1
1510,WREN RONNIE D,1
1511,SLIPSTREAM,1
1512,MOSSMAN MICHAEL D,1
1513,CORNFORD CRAIG H,1
1514,MERIWETHER JON,1
1515,WAGAERO,1
1516,HIBBARD NORMAN E,1
1517,HARTUNIAN ROBERT,1
1518,ARTER WARREN,1
1519,SHIREY DAVID A,1
1520,MARY ALEXANDER,1
1521,SEABOURN SCOTT R,1
1522,SCODA AERONAUTICA LTDA,1
1523,MCDANIEL JAMES D,1
1524,MEYER FRED J,1
1525,SUPERMARINE,1
1526,TANDEM,1
1527,ZUBER THOMAS P,1
1528,BEVILACQUA JEFFREY L,1
1529,CAVALIER,1
1530,RANDAL C REIMER,1
1531,Z-HI-MAX,1
1532,GREGG ORIGER,1
1533,HALL TERRENCE / HALL CATHIE,1
1534,JACK A FROHBIETER,1
1535,SANTA FE AIRCRAFT LLC,1
1536,GERALD JONES,1
1537,ISSITT,1
1538,ERIC A MUNZER,1
1539,JAHNKE LIONEL G,1
1540,RAY EARL D,1
1541,MONTE CLARK,1
1542,MINI-MAX,1
1543,CRUISER,1
1544,WALTER TACHIKI,1
1545,LEACH MICHAEL,1
1546,MILLER ROGER,1
1547,WIGHT ALBERT A,1
1548,SONERAL,1
1549,CULP JOHN S,1
1550,CESSNA AIRCRAFT CO.,1
1551,SHARP RALPH R,1
1552,COLLINS ROBERT S,1
1553,HALEY,1
1554,FLYING K ENTERPRISES,1
1555,STOUT GARRY V,1
1556,ACRODUSTER,1
1557,SCHMITT,1
1558,MANTOOTH,1
1559,SEGARRA LUCAS JR,1
1560,KLAPP PETER A,1
1561,AVE STEPHEN,1
1562,JOEL A BOWKER,1
1563,BULFER JAMES G,1
1564,HERRICK DAVID A,1
1565,QUAD CITY ULTRALIGHT,1
1566,GORDON SCOT A,1
1567,BELY,1
1568,COLE PAUL B,1
1569,FONVILLE,1
1570,GEORGE A. THIEL,1
1571,WYDER ROBERT G,1
1572,BACH JOSEPH E,1
1573,BLAKE D BARRYMORE,1
1574,CHRISTAVIA,1
1575,JOBY AERO INC,1
1576,EMBRAER EXECUTIVE AIRCRAFT INC,1
1577,DIETRICH RYAN,1
1578,SAWBY SCOTT,1
1579,MONNETT,1
1580,PIPER-HARRIS,1
1581,SUPERIOR,1
1582,KYLE M SWARD / LARRY W SWARD,1
1583,CHARLES R KYLE,1
1584,BLUE SIDE UP INC,1
1585,JUSTICE FRANK K,1
1586,WINGREN NORMAN,1
1587,QUICKSILVER AIRCRAFT CO,1
1588,SPARKS RALPH A,1
1589,PYKA INC,1
1590,TWENTY SECOND STREET LLC,1
1591,EASTABROOKS JOHN T,1
1592,FRAZIER ROBERT L,1
1593,CO-Z DEVELOPMENT CORP,1
1594,SORREL,1
1595,GRUMMAN AMERICAN AVN. CORP,1
1596,VAN LEHN RICHARD GLENN,1
1597,FOSTER WILLIAM D,1
1598,HENRY L BERRIER JR,1
1599,PF CUB FLYERS LLC,1
1600,HENDERSON CLIFFORD S,1
1601,RAVIRAJ MOHIL,1
1602,CHRISTOPHER P GAGE,1
1603,MOYNIHAN RICHARD D,1
1604,SHELTON JOSEPH G,1
1605,MCKENZIE JOHN P,1
1606,DARRELL D. DUGGER,1
1607,ROSS JONATHAN,1
1608,GREGORY S MILLER,1
1609,AXELL CHARLES L,1
1610,HONDA JET,1
1611,TUTTLE BRUCE C,1
1612,BARBER ROBERT L,1
1613,S D MARTIN,1
1614,DWYER MICHAEL D,1
1615,HARTZ PAUL,1
1616,NORDQUIST RICHARD A,1
1617,PARADISE AIRCRAFT USA LLC,1
1618,ADAMS DENNIS ALLEN,1
1619,SACHSE STEPHAN,1
1620,FPNA,1
1621,FERNANDES DALE R,1
1622,DAVID S MEEK,1
1623,S.A.N.,1
1624,KESSINGER ROGER L,1
1625,MICHAEL S. LOGAN,1
1626,BOB FREDERICK,1
1627,WILLIAM D TELFAIR/ZIA Z TELFAI,1
1628,LEVY ADAM V,1
1629,AG-CAT CORPORATION,1
1630,MCKENNA,1
1631,TURBO THRUSH,1
1632,AIRPARTS NZ LTD,1
1633,PRESCOT E. WILKIE,1
1634,WARD CHRISTOPHER BARRY,1
1635,WELLS JOHN L JR,1
1636,AERO-ACE,1
1637,BARNES RICHARD B/HOWE MICHAEL,1
1638,JORDAN JOHN,1
1639,URBANCZYK MIROSLAW,1
1640,NUNLEY,1
1641,NORTH WING UUM INC,1
1642,SLIP STREAM,1
1643,LAWRENCE O NOLTE,1
1644,CODY HAWKINS,1
1645,RITTER JOHN I,1
1646,CHICCO MIGUEL E,1
1647,PAUL R SEIPT,1
1648,MALINOWSKI WALTER S,1
1649,ZWICKER MURRAY R,1
1650,SCHRODER DAVID,1
1651,HY-TEK,1
1652,ROBERT E BOUNDS,1
1653,ADRIAN GEORGE W,1
1654,JOHNSON KENNETH,1
1655,JOHN MURPHY,1
1656,REUPERT MARK,1
1657,BROKAW BERGON F,1
1658,JOHNSON KENNETH W,1
1659,SILENCE,1
1660,WEAVER STANLEY R/ROBINSON SCOT,1
1661,EVOLUTION AIR LLC,1
1662,CGS,1
1663,THOMAS E HUDZINSKI,1
1664,AMSTUTZ CURTIS J,1
1665,ARCTIC AIRCRAFT CO INC,1
1666,AVIONS MUDRY CIE,1
1667,JESS LLC,1
1668,ERNEST T CHRISTLEY,1
1669,TAPPEN CHRIS,1
1670,REIMS AVIATION S.A.,1
1671,KENNETH B HINES,1
1672,CHARLES J NORRIS,1
1673,GERALD DONOVAN,1
1674,CLARK JAMES T,1
1675,JANSEN,1
1676,ROGER M ALLEN,1
1677,KING JOHN E JR,1
1678,ROSE HERBERT D,1
1679,CHARLES D WALKER,1
1680,KNAPP,1
1681,BRADLEY RODERICK W,1
1682,BOYD BRUCE,1
1683,RICH,1
1684,MIKE REED,1
1685,GREENE R/GREENE S,1
1686,HOSTEIN K/HOSTEIN S,1
1687,JAMES M RAULERSON,1
1688,PAUL GAYWOOD E,1
1689,PACIFIC AEROSPACE LTD,1
1690,HUNTER GEORGE,1
1691,KERR GERALD,1
1692,WALKER EDGAR E,1
1693,DEDEAUX GARY G,1
1694,CROFT ROBERT C,1
1695,JEFF JARDINE,1
1696,COBALT AIRCRAFT INDUSTRIES INC,1
1697,MICHAELIAN,1
1698,CHAPMAN,1
1699,MENZIMER GARY RAY,1
1700,KUBASSEK DAVID,1
1701,SIMMONS GARY F,1
1702,ENDLER GLASAIR/GLASAIR 1-TD,1
1703,SPANI WAYNE M,1
1704,PERNER/PITTS,1
1705,EVOLUTION 19,1
1706,SALERNO KENNETH G JR,1
1707,MICHAEL DEAN GRISSOM,1
1708,CANION MICHAEL W,1
1709,MCKAY GENE,1
1710,RADFORD DARREL F,1
1711,STEELE,1
1712,GILBERT THOMAS JEFFREY,1
1713,MITCHELL DERRYLE V,1
1714,BRITISH AIRCRAFT CORP.,1
1715,HILLARD CHARLIE R,1
1716,MCINTOSH DONALD W,1
1717,MARK GOLDBERG,1
1718,THOMAS J HANKAMP,1
1719,RANDALL MARVIN L,1
1720,JAMES D RIGGS,1
1721,NELSON SYDNEY,1
1722,SOCATA-GROUPE AEROSPATIALE,1
1723,CHANCEY GERRY M,1
1724,DRAKE,1
1725,ANDREW HAROLD,1
1726,VOLAIRCRAFT,1
1727,CHAUDOIN GEORGE S,1
1728,FULLER NEIL H,1
1729,JAMES BRUTON,1
1730,ALGIMANTAS JONUSAS,1
1731,ROBINSON STEWART J,1
1732,MILHOLLAND,1
1733,MELBORN JOE B,1
1734,ALLEN ROBERT,1
1735,MICKLER LARRY J,1
1736,NEWKIRK THOMAS RAY,1
1737,HATCHER RODERICK R,1
1738,MAKELA,1
1739,NORTHLAND AVIATION LLC,1
1740,RYAN W GROSS,1
1741,ROE CLEO,1
1742,HADDOW WILLIAM H,1
1743,HARING CLAY,1
1744,STAMPER,1
1745,JOHNSON KENNETH R,1
1746,AERO SMART SOLUTIONS INC,1
1747,PAHNKE VERNON A,1
1748,THOMAS B MCGRATH,1
1749,TATELMAN-PITTS,1
1750,WIGHT,1
1751,VALLORIC CARL STEPHEN,1
1752,P Z L -WARSZAWA-CNPSL,1
1753,SIMMONS NOEL,1
1754,HEBERLEIN RONALD,1
1755,SCHNEIDER K/COOK C,1
1756,ARION SKYS OPEN SPORT AVIATION,1
1757,YAKOVLEV/CHINNERY,1
1758,AVES DOUGLAS JAMES,1
1759,DORMAIER MONTE R,1
1760,STROPKI PAUL,1
1761,VAN HOOMISSEN GERALD J,1
1762,MCCLUSKEY,1
1763,HEFTY,1
1764,DIETERICH ROBERT A,1
1765,LITTLE EAGLE,1
1766,JEFFERY D TUTTLE,1
1767,AIRTIME AIRCRAFT INC,1
1768,OGG RICHARD A,1
1769,HOOVER DAVID,1
1770,JURCAN,1
1771,CARTER RICHARD L,1
1772,LOOFBOURROW JOHN W,1
1773,CURTISS,1
1774,BROUSSARD,1
1775,GUARINO,1
1776,LAVENDER ALAN P,1
1777,SMITH DOUGLAS J.,1
1778,JUDE MIKE C,1
1779,JORDAN BRUCE C,1
1780,GROB AIRCRAFT AG,1
1781,PEDERSEN BJARNE MARTIN,1
1782,JOHNSON JERRY,1
1783,JOHN GOODMAN,1
1784,MAXCY CHRISTOPHER L,1
1785,DEMPSEY DANIEL M,1
1786,THOMAS CRAIG E,1
1787,OTT,1
1788,RONALD J BENDER,1
1789,SHILT JERRY C,1
1790,LAZEAR JOHN T,1
1791,ZEILER,1
1792,CHEUNG DAVID S,1
1793,PARLETTE ROBERT L,1
1794,GANJOO AMIT,1
1795,APPLEBY,1
1796,STUMP GREAT LAKES,1
1797,MACLEOD,1
1798,NIELSEN MARTIN M,1
1799,MEAD,1
1800,HUNDLEY MICHAEL J,1
1801,AIRBORNE EXTREME LLC,1
1802,BOEING COMMERCIAL AIRPLANE GRO,1
1803,JACK FEHLING,1
1804,HOSKINS LONNIE F,1
1805,SCHAUER WILLIAM A JR,1
1806,MATHIAS LINDA B,1
1807,LUECK,1
1808,PETRUS DAVID WAYNE,1
1809,INDEPENDENT TECHNOLOGIES INC,1
1810,SHELL JOHN,1
1811,GOSSELIN CHARLES,1
1812,LARSON ROGER H,1
1813,SOFTEX INVEST LLC,1
1814,SCHOSANSKI JOHN H,1
1815,DEMMER,1
1816,FIELDS,1
1817,SHARPE WILLIAM L,1
1818,GRUMMAN AMERICAN CORPORATION,1
1819,VAUGHAN GERALD R,1
1820,RUDDER DWIGHT K,1
1821,SHINER,1
1822,BRADSHAW / MCCAULEY,1
1823,DAN JELINEK,1
1824,CRAIG A REED,1
1825,ROBERT MILES,1
1826,APOLLO AIRCRAFT INC,1
1827,TOOMEY,1
1828,MICROLITES PTYLTD,1
1829,WAYNE D. TEEL,1
1830,LAVIA ARGENTINA S.A.,1
1831,HERZOG AVIATION,1
1832,BUCHANAN,1
1833,GERALD DAN COPPOCK,1
1834,ICP,1
1835,WALTER C SMYTHE,1
1836,DELL LAWRENCE,1
1837,QAC,1
1838,BLUE OAK LLC.,1
1839,JAMES E CAUSEY,1
1840,HARBIN,1
1841,AERO DESIGNS,1
1842,LANCE M HOOLEY,1
1843,EGGLESTON DANIEL,1
1844,HALLADAY ROY,1
1845,RGJ AVIATION LLC,1
1846,BRYAN C L/LABRASH R D,1
1847,HARTLINE J BON,1
1848,DOBBS GEORGE,1
1849,BERGER BERNARD M,1
1850,BELAIR,1
1851,CREECH JERRY,1
1852,DIVEN ROBERT,1
1853,JETSON'S AVIATION LLC,1
1854,WITTMAN D R/WITTMAN D M,1
1855,PEET CHARLES,1
1856,ROGER G WHITE,1
1857,"DAVIDSON, RONALD A.",1
1858,JAMES DONALD BAKER,1
1859,GARCIA BENIGNO,1
1860,JAMES WIEBE,1
1861,DEVRIES WM H,1
1862,MORRISON MARVIN E JR,1
1863,ELDRIDGE GEORGE,1
1864,LITE FLIGHT,1
1865,JIM GREEN,1
1866,IRLBECK THOMAS H,1
1867,SORENSEN DANNY S,1
1868,MASON HAL J,1
1869,GIPPSAERO PTY LTD,1
1870,HIMMEROEDER HANSGEORG,1
1871,EDWARD R. SUGG,1
1872,GRUBER,1
1873,RAYMON A. KING,1
1874,JAMES A GRAY,1
1875,PEREIRA,1
1876,HOGAN,1
1877,DENNIS L ZUMBALT,1
1878,MARLOW,1
1879,EPIG,1
1880,BERKEY,1
1881,MORRISON ROCKY V,1
1882,KAMINSKAS,1
1883,BARROWS,1
1884,ACRO,1
1885,STORCH,1
1886,OTTERBACK,1
1887,HANSON,1
1888,JORDAN VALLEY LLC,1
1889,JM KEMP,1
1890,VOUGHT,1
1891,RYAN JOHN STEFFEY,1
1892,CHISTOV,1
1893,RAND ROBINSON,1
1894,RATHEON AIRCRAFT COMPANY,1
1895,OSTERTAG WALTER G,1
1896,REMPE,1
1897,WARNER AEROCRAFT,1
1898,AIRPLANE FACTORY,1
1899,BEARDEN BIPLANE,1
1900,KRELING,1
1901,RICHARD SILVA,1
1902,SA300,1
1903,HARGROVE,1
1904,CAPITAL HOLDINGS 226 LLC,1
1905,BOWERS,1
1906,LEROUX JOHN F,1
1907,SORRELL,1
1908,AUDENRIED,1
1909,STOL AIRCRAFT CORP,1
1910,EUGENE WELLS,1
1911,ULTRALITE SRO,1
1912,BKF,1
1913,SILVEIRA JONATHAN A,1
1914,DARREN M. VINELLI,1
1915,SABERWING,1
1916,ROBERT R. REILAND,1
1917,HILL GROUP LLC,1
1918,EMMET SMITH,1
1919,LAMINAR,1
1920,AMERICAN AIR RACING LTD,1
1921,MOONEY AIRCRAFT CORPORATION,1
1922,PETERSON LANCAIR,1
1923,FLUGZEUGPRODUKTIONS-UND VERTRI,1
1924,STILL MICHAEL J,1
1925,METCALFE ROBERT B,1
1926,MAURER ELMO A,1
1927,RIGGS KENNETH W,1
1928,CLOUD JEFFREY FERRELL,1
1929,VANDERARK,1
1930,RUTTEN PHIL J,1
1931,BUEHLMANN PETER,1
1932,KARPAYEV VLADYSLAV V,1
1933,DOSHIER WILBERT A,1
1934,PIPER / LAUDEMAN,1
1935,MOTLEY GARY W,1
1936,DRIGGERS QUILLAN E,1
1937,TODD FOLEY,1
1938,WEAVER DAVID A,1
1939,JONES KENT C,1
1940,MICHAEL ADAMCZYK,1
1941,CZECH SPORT AIRCRAFT A.S.,1
1942,CORBEIL SHAWN,1
1943,BROWNING GREGORY S,1
1944,STAUDACHER JON,1
1945,THOMAS G PARKHURST,1
1946,SENO LOUIS C SR,1
1947,BARBER WARREN D,1
1948,MILLER STEVEN M,1
1949,PARKS RICHARD A,1
1950,AIRMAX CONSTRUCOES AERONAUTICA,1
1951,RUDBERG TODD W,1
1952,TRUDEL,1
1953,THOMAS J MURRAY,1
1954,HENCKEN WILLIAM,1
1955,SC AEROSTAR SA,1
1956,MCMILLAN JOEL L,1
1957,BUSCHMANN/VANZEE,1
1958,EMERSON,1
1959,ERIS E. ERVIN,1
1960,BELLET JAMES J,1
1961,FREEMAN HERITAGE COLLECTION,1
1962,SCHAFFER,1
1963,THOMAS STEPHEN,1
1964,BRYANT C CROSBY,1
1965,BOROM MARCUS P,1
1966,FLEETWOOD JACK,1
1967,RUSSELL E OBERG,1
1968,HIMSL VINCENT S,1
1969,KELLEY DERRICK/LEZA,1
1970,X-AIR LLC,1
1971,CONSTRUCCIONES AERONAUTICAS,1
1972,BARNES STEVEN D,1
1973,MILLS MICHAEL,1
1974,FLIGHTWORKS CORP,1
1975,FAIRCHILD FUNK,1
1976,ANDERSON DARRELL L,1
1977,STANLEY,1
1978,TERRY G. OLSON,1
1979,AMES ANGIER M,1
1980,RAGLE,1
1981,SASSER ALLEN L,1
1982,CARR B L,1
1983,PAGE RUSSELL L,1
1984,WITTMAN,1
1985,BORDIUK,1
1986,STONE JAMES R,1
1987,WILHELM,1
1988,STANLEY ERNIE SIGURD,1
1989,KEN OLSON,1
1990,IRVIN STEPHEN D,1
1991,BROWN JOSEPH,1
1992,WELLS ELGIN M,1
1993,WOLFE,1
1994,PFLUGRADT,1
1995,BESARICK,1
1996,JOHNSON GERALD,1
1997,SOMERTON DAVID J,1
1998,GULFSTREAM AEROSPACE LP,1
1999,HARROP BLAKE,1
2000,GELDERMANN BERT E,1
2001,BRYK STEVEN L,1
2002,ZODIAC,1
2003,MATHENY LARRY E,1
2004,SKWIRA MATTHEW J,1
2005,QUARTZ MOUNTAIN AEROSPACE,1
2006,GREGORY NEWMAN,1
2007,HENDERSON,1
2008,BEREZNAK,1
2009,BAKER VICTOR R,1
2010,SHANKS V ROGER,1
2011,OLIVER LAWRENCE R,1
2012,HASTINGS THOMAS G,1
2013,BEECH AIRCRAFT CO.,1
2014,SCHEINEMAN-VAN BUREN,1
2015,SOKO,1
2016,MACDONALD CRAIG,1
2017,REILLY CHARLES W,1
2018,MCKENZIE,1
2019,UNIVERSITY OF KANSAS,1
2020,SEGUINE,1
2021,WOODS,1
2022,WIM J HUISMAN,1
2023,DAYON,1
2024,HILL,1
2025,EMORY B. WOOD,1
2026,AEROFAB,1
2027,VELDHUIZEN,1
2028,TOMBLINGSON-LEATHERS,1
2029,CARLSON,1
2030,HAECKER,1
2031,PIERSON,1
2032,WILLIAM E. FURR,1
2033,DRAGON FLY AVIATION,1
2034,CARLTON M. CADWELL,1
2035,CANUP,1
2036,ERVIN,1
2037,TROMSNESS ENTERPRISES INC,1
2038,2007 SAVAGE AIR LLC,1
2039,THOMPSON HOWARD,1
2040,GARRETT GERALD P,1
2041,HIGHER CLASS AVIATION,1
2042,"QUESTAIR, INC.",1
2043,CARTWRIGHT H JR/COTTRELL M,1
2044,MUNSON,1
2045,J&J ULTRALIGHTS,1
2046,CLUTTON ERIC,1
2047,CHRISTER,1
2048,HARDY,1
2049,SHAFFER,1
2050,BARTLE,1
2051,ULRICH CHRISTEN,1
2052,RITTER,1
2053,AIRCRAFT MFG & DEV. CO.,1
2054,SPARTAN,1
2055,JENKINS,1
2056,CHECH AIRCRAFT WORKS SPOL SRO,1
2057,KENNEY,1
2058,DOUGLAS D. TURNER,1
2059,HATLE,1
2060,THOMAS J. DORSEY,1
2061,KOLENO,1
2062,FAIRCHILD SWEARINGEN,1
2063,BARDOUCHE,1
2064,POWELL,1
2065,HILLER,1
2066,DICKENSON,1
2067,GRECO,1
2068,SHAFFSTALL,1
2069,YOWELL,1
2070,YATES,1
2071,HAMMOND,1
2072,"UETZ, WALTER",1
2073,DENNIS P. MCGURK,1
2074,TAYLORCRAFT AVIATION,1
2075,NORD (SNCAN),1
2076,MARVIN A. SMITH,1
2077,LIMA,1
2078,LA MOUTTE,1
2079,MAUCK,1
2080,DESALVATORE AL,1
2081,LANIER JAMES A,1
2082,CHOMO,1
2083,ROOF,1
2084,AB SPORTINE AVIACIJA,1
2085,SHANNON KEVIN,1
2086,"TALLENT, CHRIS M.",1
2087,DOUGLAS A. POHL,1
2088,EVEKTOR-AEROTECHNIK,1
2089,HUEBNER,1
2090,HELTON,1
2091,MCKEEHAN JAMES F,1
2092,BEECH AIRCRAFT CORP,1
2093,HELDEBERG DESIGN,1
2094,EXTRA FLUGZEUGPRODUKTIONS-GMBH,1
2095,BABCOCK,1
2096,COLUMBIA AIRCRAFT MFG.,1
2097,"CORTESY, JOHN E",1
2098,KITFOX IV,1
2099,NOLAN,1
2100,HUTTON,1
2101,POULIN L/CULLEN D,1
2102,VAN HEESWYK,1
2103,AEROS,1
2104,LUCAS D E/ LUCAS K A,1
2105,HARMS ROBERT M,1
2106,MAGGS,1
2107,KINDIG,1
2108,MKII CORPORATION,1
2109,PIPER CUB CRAFTERS,1
2110,CLARKE COLIN,1
2111,MARRIN,1
2112,BRITISH AIRCRAFT CORP. (BAC),1
2113,STEVEN HARDIE,1
2114,PLOCHER,1
2115,DAVID JARRETT,1
2116,HASCH,1
2117,NUNN,1
2118,MCNICHOLAS,1
2119,NICELY,1
2120,EBERSOLE,1
2121,ANTHONY J. BENCIVENGA,1
2122,TRINIDAD,1
2123,AMERICAN AIR RACING,1
2124,FUREY,1
2125,"EKORNAAS, FRED",1
2126,ROOT,1
2127,"WEAVER, DAVID A",1
2128,ORTIZ G/SAINT J,1
2129,JEFFREY WILSON,1
2130,LANGLEY,1
2131,FLY BY SEA CO,1
2132,EVERSON,1
2133,LAMBERT JOHN G,1
2134,INDUS,1
2135,DUSENBERRY,1
2136,RITTAL,1
2137,RAYTHEON CO,1
2138,EAA BIPLANE,1
2139,WILLIAM P. CROWELL,1
2140,MARCELLUS,1
2141,RAJHAMSA,1
2142,SAUNDERS,1
2143,RODGERS,1
2144,CHRAPCZYNSKI,1
2145,PHANTOM SPORT AIRPLANE,1
2146,DTA SARI,1
2147,BUSH CADDY USA,1
2148,HAMILTON,1
2149,HORTON,1
2150,EVEKTOR AEROTECHNIC,1
2151,NIVA,1
2152,NETZ,1
2153,MELLEMA,1
2154,BUTTLES,1
2155,"SIX CHUTTER, INC.",1
2156,MAPES,1
2157,STOUT GORDON,1
2158,QUICKSILVER MANUFACTURING,1
2159,ACKERT,1
2160,FALCON SAFETY CRAFT INC,1
2161,KRUEGER,1
2162,SLAGLE,1
2163,WELCH,1
2164,ZIERMANN,1
2165,"WOOTTON, JOHN",1
2166,ELDREDGE,1
2167,PORTMAN,1
2168,FOUND ACFT,1
2169,HEIN,1
2170,LEROHL,1
2171,BARNARD/STANCIL,1
2172,DEAN PATRICK G,1
2173,CORSARIO,1
2174,DESOUSA,1
2175,POSER,1
2176,WALTERMIRE,1
2177,MACADAMS,1
2178,AIRINDUS,1
2179,NORTH AMERICAN ROCKWELL CORP.,1
2180,KIDD CHRIS,1
2181,KAYLOR J E/STRAHLMANN R L,1
2182,KRAL,1
2183,SQUIER,1
2184,WOOTERS,1
2185,FISHER AERO,1
2186,PIAGGIO AERO INDUSTRIES S.P.A.,1
2187,SENFT/ANDERSON/SALMON,1
2188,MESSING ROY,1
2189,WARD RC,1
2190,BLAIR,1
2191,PLOOF PROGRESSIVE AERODYNE'S,1
2192,"VELTMAN, ROBERT",1
2193,BAGNALL HAROLD E,1
2194,DYE,1
2195,"WRB ASSOCIATES, LLC.",1
2196,KELLY,1
2197,DANIEL R. LLOYD,1
2198,"GLUFF, ALAN",1
2199,BLONDIN,1
2200,KAMAN,1
2201,SCOTTISH,1
2202,SEA & AIR SALES,1
2203,"BRAND, RICHARD",1
2204,"GODWIN, DAVID P",1
2205,HERINK H R/HERINK R W,1
2206,SWEARINGEN T R/MASTERS W,1
2207,PORTER GLEN,1
2208,TRAXLER JOHN N,1
2209,JONSSON,1
2210,RICK CAMPBELL,1
2211,MARLMAN,1
2212,RUDOLPH RALPH MONROE,1
2213,MARRERO ANDRES,1
2214,MOORE GLENN,1
2215,KEVIN ELDREDGE,1
2216,DOYLE-MICHAEL,1
2217,FRITZ,1
2218,ROBERT FRISBEY,1
2219,ROACH NEIL,1
2220,BURKHOLDER JIMMY C,1
2221,SHNIDERMAN ERVIN STANLEY,1
2222,NELAND RICHARD L,1
2223,TAYLORCRAFT CORPORATION,1
2224,AERONCA AIRCRAFT CORPORATION,1
2225,MCCURDY,1
2226,GATES LEARJET CORPORATION,1
2227,KENNETH K KNOWLES,1
2228,HOWES,1
2229,WAYNE O ROBINSON,1
2230,REIMUS,1
2231,T51 INC.,1
2232,KREPS,1
2233,SEHER,1
2234,MERRELL STEPHEN,1
2235,LAVIGNA,1
2236,HESS JOHN L,1
2237,STEVEN G GOONEN,1
2238,REAMER,1
2239,MICHEL PAUL JOHN,1
2240,MICHAEL MURATORE,1
2241,JOHNSON BARRON T,1
2242,LANTZAIR FLYERS INC,1
2243,PZL,1
2244,ROWLAND,1
2245,INMAN J D,1
2246,HALL STEVEN C,1
2247,GULFSTREAM AEROSPACE CORP,1
2248,JONES RODNEY V,1
2249,MULEC FRANK A,1
2250,SIEMER JAMES H,1
2251,DICKSON VANS AIRCRAFT,1
2252,ULTRA FLIGHT LLC,1
2253,AEROSPATIALE ALENIA,1
2254,COX WILLIAM M,1
2255,D-FLY,1
2256,DENNY AEROCRAFT,1
2257,PARKS JERRY R,1
2258,ROGERS KENNETH J,1
2259,THORNTON,1
2260,HAWKINS AUGUST E,1
2261,FUHRMANN-SUPER EMERAUDE,1
2262,UPTON,1
2263,SMYSOR KEVIN,1
2264,RICHARD RANK,1
2265,FAGAN,1
2266,ART LEE DELANO,1
2267,WINSHIP KENT S,1
2268,GOSSARD RONALD F,1
2269,WESTERHOUT/GAGNIER,1
2270,HOWARD WILLIAM C,1
2271,LANHAM,1
2272,HAZELWOOD MICHAEL S,1
2273,POLIT,1
2274,HOLSCLAW FRANCIS E,1
2275,MILESKI,1
2276,STORCH AVIATION AUSTRALIA PTY,1
2277,JOHNSTON COYT E,1
2278,GENTRY JOHN K,1
2279,PENSINGER,1
2280,EXPLORER AERONAUTIQUE INC.,1
2281,WEINBERG,1
2282,GOODACRE,1
2283,MCGRATH ROBERT F,1
2284,GAYNOR DONALD J,1
2285,ARGENCE,1
2286,MAX A BOESIGER JR,1
2287,ENGINEERING AND RESEARCH,1
2288,SUNGKWON KIM,1
2289,JORDAN DON R,1
2290,T BIRD,1
2291,BRINKER / GARNER,1
2292,GLADSTONE,1
2293,ALEXANDER THOMAS P,1
2294,MARTIN EDWARD H,1
2295,AMERICAN LONGEVITY CORP,1
2296,WHITEHEAD,1
2297,MARLIN,1
2298,"CAPRA, SALVATORE O",1
2299,LASEURE,1
2300,KEELEY/TIDD,1
2301,ELLUMAX LEASING LLC,1
2302,VALENTIN,1
2303,KIMBALL ENTERPRISES INC,1
2304,LEROY LAKEY,1
2305,IVERSEN,1
2306,ANGLIN,1
2307,COLLARD,1
2308,FLYNN VAN,1
2309,EVEKTOR AEROTECHNIK AS,1
2310,OUZTS RODNEY,1
2311,LYONS,1
2312,FALK,1
2313,MORANE-SAULNIER,1
2314,DICKEY,1
2315,STEVEN A. JONES,1
2316,BOWMAN,1
2317,POWRACHUTE,1
2318,WALKER,1
2319,ROUSE,1
2320,ROBERTO P. GARCIA,1
2321,EBERLE,1
2322,WHEAT,1
2323,FERREE,1
2324,NTBK,1
2325,MURRAY FRANK H,1
2326,HAINES,1
2327,OSBORNE,1
2328,PRENDERGAST,1
2329,TARANTOLA,1
2330,CARRITHERS CARL L,1
2331,WRIGHT,1
2332,STITS AIRCRAFT,1
2333,J. E. DOUGLAS,1
2334,DROCHAK,1
2335,HOLMES ARTHUR ORMAN,1
2336,SPORT FLIGHT,1
2337,"NICHOLS RANS, INC.",1
2338,INDY AIRCRAFT LTD,1
2339,AERO SP Z O O (GOBOSH),1
2340,HOWELL,1
2341,MORRIS GEORGE,1
2342,MARSHALL JAMES J,1
2343,TUTH,1
2344,GRIMES BARRY R,1
2345,BOLENBAUGH PHILLIP WILLIAM,1
2346,RAYTHEON COMPANY,1
2347,WSL PZL,1
2348,BRISTOL,1
2349,FOWLER,1
2350,MOSER GEORG,1
2351,KILLGORE,1
2352,SACREY W MICHAEL,1
2353,EUROPRO CZ,1
2354,HOLM MICHAEL J,1
2355,BRENNAN,1
2356,ANTONOVICH ANTON B,1
2357,BONDE,1
2358,VELOCITY INC,1
2359,STEELE  JOHN J,1
2360,HARGETT,1
2361,HEISLER,1
2362,MOSES TIM C,1
2363,ROYSE DAVID,1
2364,CHAMBERLIN VICTOR WAYNE,1
2365,ANDERSON R E/ABROMAVICH L J,1
2366,SILFVAST,1
2367,HILDERSON OSWALD,1
2368,HARTTER LENNY J,1
2369,FOX JACK G,1
2370,JOHNSON LEONARD G,1
2371,MILLER J KIRTLEY,1
2372,PARTENAVIA SPA,1
2373,DAVIS DANIEL T,1
2374,HAUSER U/HAUSER J,1
2375,LAIRD,1
2376,HOOD,1
2377,GIER TRAVIS H,1
2378,COX CLYDE H,1
2379,HELIE,1
2380,LIEN,1
2381,WASSON LOEHLE,1
2382,STEPPLING,1
2383,SADLER,1
2384,SMITH WYLIE JAY,1
2385,DIEHL WILLIAM A,1
2386,DEBUS J / MOUNTAIN S / BOWES E,1
2387,TETRAULT RONAD,1
2388,DUFAULT MARK V,1
2389,MILTENBERGER,1
2390,BRUBAKER,1
2391,DIAMOND AIRCRAFT INDUSTRY INC,1
2392,SNELLING,1
2393,INDUS AVIATION INC,1
2394,PIPER AEROSTAR,1
2395,BERRIE,1
2396,SORRELL AIRCRAFT,1
2397,NAGEL,1
2398,CUB CRAFTERS INC.,1
2399,ANDERSON,1
2400,HAMMER,1
2401,JERRY GARRISON,1
2402,MAYSMIKE,1
2403,WELLS,1
2404,PRICE,1
2405,AMERICAN GENERAL AIRCRAFT,1
2406,CLEVELAND ORSON,1
2407,WILLIAM F. LAIR,1
2408,R. JAMES THORNE,1
2409,CLEMENT-KAZMIERCZAK,1
2410,DANBROOK,1
2411,MENEFEE,1
2412,LARRY WOODS,1
2413,DANTZER LAWRENCE L,1
2414,BOLGER SCOTT,1
2415,SAWYER,1
2416,VILLENEUVE,1
2417,FRAKER,1
2418,LOEHLE ENT.,1
2419,WILFORD J. TOLMAN,1
2420,GLENN L SMITH,1
2421,KAUFFMAN,1
2422,KOLB COMPANY,1
2423,MATHEWS,1
2424,AEROSPORT,1
2425,AEROSTAR,1
2426,FRANK TURBEN,1
2427,HOLLMAN,1
2428,BURKE-PARKER,1
2429,NORMAN NEGUS,1
2430,"EMORY W. GREER, JR.",1
2431,RANS INC.,1
2432,MOLINO OY,1
2433,CURTIS-WRIGHT,1
2434,STEEL/VANS,1
2435,MESHKO ZENAIR,1
2436,CARLISLE,1
2437,HENRY,1
2438,SCHUCHART,1
2439,THOMSON,1
2440,GRANDMAN,1
2441,BAUGHMAN,1
2442,BILGRI,1
2443,ECKSTEIN,1
2444,GIROUX,1
2445,TOMASH,1
2446,MERKEL,1
2447,DOERR RAYMOND R,1
2448,RUEHLE,1
2449,BREIT,1
2450,PINKHAM,1
2451,CARTER-JONES,1
2452,ARGANBRIGHT,1
2453,SINCLAIR,1
2454,STEVEN W. JONES,1
2455,"JABAT, INC.",1
2456,SYREINI,1
2457,SPAULDING,1
2458,OHLEMEIER/STRATTON,1
2459,DANIELS,1
2460,YOUKEY,1
2461,"STANLEY, DAVEY L",1
2462,REINHART,1
2463,LEE HAROLD SWARTHOUT,1
2464,SABRELINER CORP.,1
2465,DICKSON,1
2466,BENNETT RA OLIVER,1
2467,ECKER,1
2468,JEFFS,1
2469,BIRTCH,1
2470,IAR SA BRASOV,1
2471,LEMUEL MAY,1
2472,SCHROEDER,1
2473,WOOD/THORPE,1
2474,BRACKEN,1
2475,WILLIAM K. CRAWFORD,1
2476,HENES,1
2477,AMMETER,1
2478,MOONEY AIRCRAFT CORP,1
2479,WHITLOCK,1
2480,GLASSIC COMPOSITES,1
2481,MANOUCHER,1
2482,SELBY DEAN,1
2483,STAMSTA,1
2484,CHERKAS,1
2485,BEYERS,1
2486,STEPHEN,1
2487,BOWLES,1
2488,BERRY,1
2489,WAHL,1
2490,"PETTIGREW, RICHARD",1
2491,SENIOR AERO SPORT,1
2492,UTTERBACK,1
2493,CONTINENTAL,1
2494,BEAGLE AIRCRAFT,1
2495,TRUITT PETER,1
2496,STARKE,1
2497,MONG SPORT,1
2498,RAYAN,1
2499,STARFIRE,1
2500,NASH CASSUTT RACER,1
2501,PLAYMATE,1
2502,OLDFIELD,1
2503,BAC,1
2504,ARCTIC,1
2505,MIGNET,1
2506,MCCALL,1
2507,CHRISTIAN,1
2508,GREGG,1
2509,MCCLARY,1
2510,MIDGET,1
2511,NA,1
2512,SOUTHERN AIRMOTIVE CORP SAC,1
2513,PETER CLARK,1
2514,BELLANCE,1
2515,RYAN AERONAUTICS,1
2516,CLANCY,1
2517,FUNK AIRCRAFT CO.,1
2518,DAUNTLESS,1
2519,TIFFT-V,1
2520,AMERICAN YANKEE,1
2521,CURTIS,1
2522,BEACHNER,1
2523,SONS MUSTANG,1
2524,ROCKWELL COMDR,1
2525,NIHON,1
2526,FAIRCHILD HILLER,1
2527,SMITH MINI,1
2528,NORD AVIATION,1
2529,CROOK,1
2530,MCKINLEY EAA,1
2531,SPEZIO,1
2532,PIPER-AEROSTAR,1
2533,JURCA,1
2534,MARTIN-PITTS,1
2535,AVRES CORP.,1
2536,GRUM AMER,1
2537,STAMPE RENARD,1
2538,TAILWIND,1
2539,AEROTEK-PITTS,1
2540,HARTMAN,1
2541,AERONCA CHAMPION,1
2542,COOT,1
2543,JUNIOR ACE,1
2544,BOWERS FLYBABY,1
2545,FAIRCHILD/SWEARINGEN,1
2546,FLITECRAFT,1
2547,FOSTER,1
2548,NAVY,1
2549,TANKE,1
2550,WAINSCOTT,1
2551,KEN BROCK,1
2552,SAVILLE HUMMER,1
2553,COUGAR,1
2554,VOLKSPLANE,1
2555,ROCKWELL INT'T,1
2556,E.L. CRAIG,1
2557,EIPPER-FORMANCE,1
2558,C. EFF,1
2559,J.A.MULLAN,1
2560,ARCTIC AIRCRAFT,1
2561,"JOHNSON, DOUGLAS L.",1
2562,SHORT BROS.,1
2563,FROEHLICH,1
2564,MCDONALD DOUGLAS,1
2565,LONG-EZ,1
2566,VARI-EZE,1
2567,BENNET,1
2568,CONSOLIDATED AERO,1
2569,MONG,1
2570,OMAC,1
2571,AUSTIN,1
2572,EIPPER MX II QUICKSILVER,1
2573,HALLQUIST,1
2574,AERONCA CHAMP,1
2575,Q-BERRY,1
2576,OAR,1
2577,CORBEN,1
2578,SONERAI,1
2579,CONDOR,1
2580,EAA,1
2581,VON BERG,1
2582,DRAGON FLY,1
2583,LAWSON SPECIAL,1
2584,WAYNE ISON,1
2585,LINDGREN EVANS,1
2586,FALKENTHAL,1
2587,VILLINE'S,1
2588,PETER A. GEISER,1
2589,FRANZ,1
2590,SHANNON,1
2591,RILEY,1
2592,GREAT LAKES AIRCRAFT COMPANY,1
2593,UTVA,1
2594,EIBEN THEODORE,1
2595,JERALD F. HUFFMAN,1
2596,SARGENT JONATHAN,1
2597,HOLMGREEN,1
2598,BAGGETT,1
2599,PIPPERT,1
2600,HUDSPETH SHAWN D,1
2601,RICHARD F. SHELDON,1
2602,HARRY D. MILLER,1
2603,"MORGAN, MARVIN R.",1
2604,JIM GARRISON,1
2605,FOLEY JAMES,1
2606,"QUAD CITY ULTRALIGHT, LLC",1
2607,AIRBORNE WINDSPORTS LTD,1
2608,TANKER,1
2609,C.W CRANE,1
2610,WAMPOLE,1
2611,FORTUNA,1
2612,CODDING/FLUNO,1
2613,HUFF,1
2614,"AEROSTAR, S.A",1
2615,RON BURLEIGH,1
2616,PORTER,1
2617,SPITTLER,1
2618,BUSSEY,1
2619,PIGGOTT,1
2620,MEYERS AIRCRAFT CO.,1
2621,VELTMAN,1
2622,STAMPE,1
2623,HOYT,1
2624,FRISBY,1
2625,HEDEMAN,1
2626,OLREE ROBERT,1
2627,BROWN FLOYD L,1
2628,AGETON,1
2629,PARSONS,1
2630,AMORDE,1
2631,CLEBERG,1
2632,COLTRIN,1
2633,CUTLER,1
2634,HADWISE,1
2635,STEINBAUM,1
2636,BURKHART-GROB,1
2637,PEAY,1
2638,"VAN'S AIRCRAFT, INC",1
2639,GRAY JACK,1
2640,FORNEY,1
2641,HANSON GERALD,1
2642,HILLERY W. GRICE,1
2643,LUCIANI,1
2644,LIDGARD,1
2645,WROBLEWSKI,1
2646,ROBERT J. JACKSON,1
2647,DOGGETT JACK,1
2648,DUTTON,1
2649,STEVENSON,1
2650,WALTZ,1
2651,BILLINGS/HUMBYRD,1
2652,JAMES L. STRINGFELLOW,1
2653,ROSENBAUM,1
2654,SANDALL EVAN R,1
2655,BECERRA,1
2656,PIAGGIO INDUSTRIE,1
2657,BURK,1
2658,ZAVERTON ELMER,1
2659,"SHERMAN JOHN, H",1
2660,EVERETT,1
2661,BISHOP THOMAS W,1
2662,TOLSMA TONY G,1
2663,GADBOIS,1
2664,INGRAHAM,1
2665,OGDEN AUBREY D,1
2666,POLCYN,1
2667,PIETSCH,1
2668,CAYWOOD,1
2669,BRUCE E. HOTZ,1
2670,DUFFY/WAGNER,1
2671,HARRISON ROBERT J.,1
2672,EDWARDS,1
2673,AC MFG & DEV'T CO,1
2674,BARNETT,1
2675,DWAYNE SMITH,1
2676,PAVLIGA,1
2677,NORTH AMERICAN AVIATION DIV.,1
2678,ROBERT J. GOODYEAR,1
2679,MONOCOUPE AIRCRAFT,1
2680,JOHNSON-WHITTMAN TAILWIND,1
2681,NEAL ANDERSON,1
2682,PZL WARZAWA-CNPSL,1
2683,SARGENT,1
2684,DAHLSTROM - PIEL EMERAUDE,1
2685,CARLSON AIRCRAFT,1
2686,HARMS,1
2687,MCCAIN,1
2688,YAMOKOSKI,1
2689,HANEK,1
2690,PRESLEY,1
2691,LAMONT,1
2692,KEITH,1
2693,GLEASON,1
2694,BRADFORD HAINES,1
2695,PYRAMID,1
2696,CREED,1
2697,GRAFTON,1
2698,DALLMEYER,1
2699,HARMEL,1
2700,MICHAEL MONEYHAN,1
2701,CHAMBERLAIN,1
2702,COLSON/GOODBREAD,1
2703,SWING BRIAN S,1
2704,CRAIG,1
2705,LEE KOLB,1
2706,HOPKINS,1
2707,ROSNER,1
2708,MRAZEK,1
2709,BARR,1
2710,"ALLIED AG CAT PRODUCTIONS, INC",1
2711,CLARK/LOKEN,1
2712,MITCHELL,1
2713,CURL,1
2714,RANKIN,1
2715,RAND ROBINSON ENGINEERING,1
2716,YOUNG,1
2717,PZL-MIELEC,1
2718,DAVID S ROBBINS,1
2719,ALLEGRO,1
2720,HERBERT O. KELLERMAN,1
2721,GRIMES,1
2722,KIRBY,1
2723,MUELLER,1
2724,KELLEY,1
2725,SWEENEY,1
2726,WAGNER,1
2727,JABIRU AIRCRAFT,1
2728,MCDANIELS,1
2729,JESKA,1
2730,HITCHENS,1
2731,MENDENHALL,1
2732,ROLLADEN-SCHNEIDER,1
2733,MALOTT,1
2734,HELMETAG,1
2735,LANFORD,1
2736,HAROLD VANDER,1
2737,HELMER,1
2738,MAHONEY,1
2739,ESPINAL,1
2740,TAPLIN,1
2741,STYS,1
2742,BRENT W. BROWN,1
2743,KEARN,1
2744,ELLIOTT QUAD CITY ULTRALIGHT,1
2745,THEORDORE JANKOWSKI,1
2746,RONALD D. MURRAY,1
2747,EKLUND,1
2748,AGIN JEFFREY T,1
2749,CROKE,1
2750,"BAKER, TIMITHY",1
2751,FLAGLOR,1
2752,BARNARD,1
2753,"CHEVRIER, ARMAND",1
2754,RUPP,1
2755,BANGHAM,1
2756,INDUS AVIATION,1
2757,HELIOTECH,1
2758,HUNTINGTON,1
2759,LABARRE,1
2760,VILLARUBIA,1
2761,PERGERSON,1
2762,WSK-PZL WARZAWAOKECIE,1
2763,RALPH SANDERS,1
2764,KENETIC AVIATION,1
2765,BALKEMA,1
2766,"WATERWINGS, INC",1
2767,WOOLLEY JOHN A,1
2768,LINWOOD R. LAWRENCE,1
2769,LEE,1
2770,PARKS,1
2771,MARLAND E DAVIS,1
2772,PITROLO,1
2773,ELY,1
2774,SCHMIDT,1
2775,POTTS,1
2776,M.C. THOMAS,1
2777,FREY,1
2778,CARILLON JOHN C,1
2779,WRAGG GEORGE,1
2780,LOEHLE AIRCRAFT CORP,1
2781,HUTCHINSON KENNETH A,1
2782,TOMPKINS,1
2783,OWEN,1
2784,AVIOCAR CASA,1
2785,POE G L/POE S Y,1
2786,HERONIMUS KEVIN A,1
2787,WALTMAN THEODORE J,1
2788,SADLER TERRY,1
2789,CAMPBELL JOHN,1
2790,HARRY L. WEBER,1
2791,ESSELSTYN CHUCK,1
2792,JOHNSTON WILLIAM ALFRED JR,1
2793,BRINKERHUFF GERALD G,1
2794,RIVERS WILLIAM J,1
2795,LUDWIG LARRY E,1
2796,COMBS DALE B,1
2797,SPINK ROBERT M,1
2798,MICHAEL CANS,1
2799,JANTZEN,1
2800,FEHLNER-SHELTON,1
2801,BINS TOM,1
2802,BUNKER,1
2803,PAYNE/FOSTER,1
2804,QUESTAIR INC,1
2805,TUBBS S/PERFORMANCE,1
2806,WOOLSTON GLENN E,1
2807,"VAN'S AIRCRAFT, INC.",1
2808,SPECTRUM,1
2809,VICARI,1
2810,SHERMAN CRAIG W,1
2811,DURLING JAMES,1
2812,VEATCH,1
2813,LARSON KEN W,1
2814,BREWSTER,1
2815,CONCANNON MILTON,1
2816,HAINES JOSEPH E,1
2817,M7AERO,1
2818,RIFFEL JERRIS L,1
2819,KARIBIAN HURANT,1
2820,PETER A LAND,1
2821,CONE JAMES A,1
2822,DACEY,1
2823,MARK DIVITA,1
2824,MCARTHUR,1
2825,GRAFF WILBUR C,1
2826,HOUTS,1
2827,BERGER MICHAEL A,1
2828,BOMBARDIER LEARJET CORP.,1
2829,MAS EVENTS,1
2830,GARZA,1
2831,LIBERTY AEROSPACE INCORPORATE,1
2832,CRAIN JAC A,1
2833,HAYCRAFT,1
2834,STROUT FRANK,1
2835,RAGONESE TIM,1
2836,LESTER ROBERT E,1
2837,SKEETER,1
2838,BRICE RON,1
2839,ELKIND BRUCE,1
2840,EMERAUDE,1
2841,SADLER TERRY A,1
2842,BOEHLKE KEVIN P,1
2843,GRIMM,1
2844,REICH,1
2845,GERNER,1
2846,NEW KOLB AIRCRAFT CO,1
2847,JOY AVIATION LTD,1
2848,ENBODY FRANK,1
2849,SANDERSON,1
2850,BUTLER JOHN R,1
2851,MCADAM W E,1
2852,HANEY JOHN F B,1
2853,INTERPLANE S R O,1
2854,BROCHETTI LOUIS,1
2855,TACCHI TORELLO F,1
2856,ECKENRODE CARL J,1
2857,NUSBAUM,1
2858,SIGMON HARVEY E,1
2859,CASLER SCOTT,1
2860,PIAGGIO AERO INDUSTRIES SPA,1
2861,JUVE RICHARD G,1
2862,BRAY VERLE G JR,1
2863,FENTON,1
2864,ANATRA BART T,1
2865,WING JOHN R,1
2866,NUSE GEORGE,1
2867,THOMPSON TOMMY W,1
2868,SHOOK,1
2869,CROSLEY,1
2870,SHAW DOUGLAS WAYNE,1
2871,KOTH LARRY,1
2872,NICHOLS,1
2873,"AIR TRACTOR, INC.",1
2874,JACOBS,1
2875,LEATHERMAN KARL L,1
2876,HENDRICKS GEORGE DAVID JR,1
2877,VANDENBURG,1
2878,CLABAUGH ROBERT R,1
2879,ALIEV BULENT,1
2880,LEMOND,1
2881,RICHARD,1
2882,BAKER WAYNE,1
2883,KEESLER,1
2884,BOSONETTO,1
2885,KLEMP GREGORY J,1
2886,INHOFE/ DAVIS,1
2887,SCHAFFER GARY W,1
2888,RAY AERIAL SPRAYING,1
2889,BARKER A E,1
2890,ABBEY VICTOR,1
2891,COUVILLION,1
2892,BINKLEY RICHARD,1
2893,KOEN LANCAIR,1
2894,"WINGTIP TO WINGTIP, LLC",1
2895,FESSENDEN ALFRED,1
2896,HITCHCOCK,1
2897,DOTSON WILLIAM P,1
2898,GARDAN,1
2899,MALKIN ROY K,1
2900,HANSEN IB C,1
2901,FLOURNOY MARTIN R,1
2902,HOSKINS,1
2903,GRUMMAN AIRCRAFT,1
2904,AERO AT SP ZOO,1
2905,CLAMAR FLOATS INC,1
2906,RUSK,1
2907,SIEBER PAUL P,1
2908,REDDING DAVID,1
2909,KAMTZ RUSSELL H,1
2910,TRUSTY,1
2911,"TAFT, MALCOLM J SR",1
2912,MARKS CA III,1
2913,CONNER LEROY,1
2914,BOWLEY,1
2915,KENDALL W R/MCLAUGHLIN J,1
2916,WILEY C W,1
2917,NELSON DAN H,1
2918,WORLEY DENNIS,1
2919,SHANNON JAMES A JR,1
2920,SONEX / JOHN D. MCCARTER,1
2921,BURTNER CHARLES W,1
2922,ANDREW MCKIMMON,1
2923,PORBECK JOHN M,1
2924,AEROSPORT LTD,1
2925,ATTAWAY ROBERT H,1
2926,NELSEN LYNN H,1
2927,DIDIER SIFFER (E-AB),1
2928,FERGUSON AIRCRAFT,1
2929,HODGES SAMUEL J,1
2930,GLASAIR AVIATION LLC,1
2931,RICHMOND JIM R,1
2932,STEVENS R P/MCCRIGHT D W,1
2933,EVANS ROBERT W SR,1
2934,BOWIE RICHARD,1
2935,P&M AVIATION,1
2936,QUAD CITY ULTRALIGHT CORP,1
2937,SUMINSKI WALTER M,1
2938,JUNEAU (ZENITH AIRCRAFT CO),1
2939,MITCHELL DAVID N,1
2940,VERTICAL UNLIMITED LLC,1
2941,CANO DAVE,1
2942,HENDRYX STEVE/WILEY ROSS,1
2943,RANS DESIGNS INC,1
2944,REINBOLDT RICHARD A,1
2945,T&T AVIATION INC,1
2946,EDWARDS DOUGLAS L,1
2947,MCDONALD LYNN B,1
2948,LEINEKE WALTER L,1
2949,DOVA AIRCRAFT SRO,1
2950,DARROW STEPHEN,1
2951,TAYLORCRAFT CORP,1
2952,HAMLIN JOHN D,1
2953,DAVIDSON,1
2954,"SKY INTERNATIONAL, INC.",1
2955,POLARIS,1
2956,MILLS,1
2957,QUASAR ACFT CO LLC,1
2958,MOYES,1
2959,FLOYD JOSEPH B,1
2960,EVENS,1
2961,NICHOLSON,1
2962,CHRISTIANSEN DON E DO,1
2963,SLOAN ROGER D,1
2964,HURLEY RICHARD A,1
2965,WRIGHT B FLYER INC,1
2966,MCFARLAND WM H,1
2967,HALL JEFFREY,1
2968,FURRU DONALD JEFFREY,1
2969,GARRETT,1
2970,SCHNEIDER JOHN W,1
2971,MCLEOD ALAN,1
2972,PAULISTINHA  56-C1,1
2973,KOLB AIRCRAFT CO,1
2974,EBERLE JOHN S,1
2975,LEE PAUL,1
2976,MUDGE RAY,1
2977,QUAD CITY ULTRALIGHTS,1
2978,EASTON,1
2979,ARVOLD JORDON R,1
2980,LAKE JOHN K,1
2981,BROWN MITCH,1
2982,HANSEN,1
2983,FAIRLEY GOOCH,1
2984,HOLLOMAN L B/HOLLOMAN E M,1
2985,MOORE EDWARD R,1
2986,PITCAIRN,1
2987,SCHOEPFLIN,1
2988,"HALDERMAN, FLOYD G.",1
2989,HALL DON H,1
2990,SEYMOUR,1
2991,RIDGE LOWELL H,1
2992,"SCHWEIZER, N36289",1
2993,YAMOKOSKI WILLIAM,1
2994,CANTLON,1
2995,NELSON MILES,1
2996,BAYLISS MILTON A III,1
2997,"MOONEY AIRPLANE COMPANY, INC.",1
2998,"JOSEPH C. ANDREWS, JR.",1
2999,LEE OSCAR D III,1
3000,BORDELON BRUCE,1
3001,GRUMMAN ACFT ENG COR,1
3002,SAVAGE AIR LLC,1
3003,WILLIAMS JOHN,1
3004,CROSS DAVID L,1
3005,FECHTNER,1
3006,SANTANA,1
3007,RISTINE,1
3008,GAGE,1
3009,JAMES H BERARD,1
3010,GN-1 AIRCAMPER,1
3011,SACKMAN,1
3012,ISON AIRCRAFT,1
3013,DYKAS,1
3014,BOUGHNER,1
3015,BRUCE M BARRETT,1
3016,FREDERICK,1
3017,JDT MINI-MAX LLC,1
3018,SATER,1
3019,US LIGHT AIRCRAFT CORP,1
3020,SPACKMAN,1
3021,CENTRAL OHIO DRAGONFLY CLUB,1
3022,SORENSEN,1
3023,WALLER CHARLES R,1
3024,LAWSON RON,1
3025,"JABIRU USA SPORT AIRCRAFT, LLC",1
3026,REDD TOM,1
3027,BRIAN P NORTH,1
3028,RADLEY VINCENT,1
3029,MCHENRY GEORGE B JR,1
3030,SCOTT,1
3031,MCDANIEL,1
3032,LAWSON J/BOWIE R/SMITH M,1
3033,GREEN GARY E,1
3034,HANSEN DAVID DANIEL,1
3035,LSA AMERICA INC,1
3036,MERRITT LESLIE R,1
3037,AUMAN JL,1
3038,RUSSOM ROY G,1
3039,JEFFAIR,1
3040,BATES,1
3041,BEHNE,1
3042,QUICKSILVER MFG,1
3043,BARNEY,1
3044,STEWART MW/STEWART JD,1
3045,KUNDEL,1
3046,MCCLEERY,1
3047,DAVIS MARK,1
3048,HENRIE RAYMOND,1
3049,KEUTHAN,1
3050,TEAM INC,1
3051,SANDERS BEN G III,1
3052,WOOD,1
3053,MOULTON HOWARD WELLS,1
3054,BEAUDRY PHILLIP,1
3055,MUELLER MICHAEL WALTER,1
3056,MACE JUSTIN I,1
3057,VELLINE'S,1
3058,CASHMER PHILIP M,1
3059,YOUNG ROBERT HERMAN,1
3060,ALBRIGHT STAN,1
3061,"SWIFT MUSEUM FOUNDATION, INC.",1
3062,JEFFKO,1
3063,PURTEE KEVIN M,1
3064,ANDERSON JOHN H,1
3065,BECKERT BRUCE A,1
3066,CAMPBELL DAVID,1
3067,BERRY DEAN,1
3068,GALLOWAY/WARD,1
3069,GUTIERREZ PABLINO,1
3070,DONALD K STOVALL,1
3071,LUTTENBACHER KURT,1
3072,RISHER JIMMY E,1
3073,POOL,1
3074,STAUDACHER HYDROPLANES,1
3075,HUNTER,1
3076,RICE LEO B,1
3077,TROYER,1
3078,MARLEY,1
3079,ROTHERWICK HR,1
3080,SHIVER,1
3081,DIAL DAVID L,1
3082,"BELCHER, GERALD C",1
3083,SHEPARD JIMMY D JR,1
3084,WAGGONNER,1
3085,LYDON PATRICK F,1
3086,SHOUP RONALD R,1
3087,TUCKER-HURNI,1
3088,TOMAN JACK JR,1
3089,T BIRD GOLDEN CIRCLE AIR INC,1
3090,WALLING,1
3091,OLIVER JOSEPH,1
3092,SAPP LARRY E,1
3093,WIELT,1
3094,WEJEBE JOSE,1
3095,WILLERTON,1
3096,STANLEY B E,1
3097,NELSON SYDNEY/NELSON DIANN,1
3098,MANZITTO MICHAEL A,1
3099,TIGER AIRCRAFT LLC,1
3100,GLASS ROY L,1
3101,WILLOUGHBY PETE A,1
3102,PRENDERGAST JOHN/VANS,1
3103,HEISER ROBERT C JR,1
3104,MOODY-SIPLE,1
3105,BEECHCRAFT CORPORATION,1
3106,MAYS,1
3107,BUMFORD-ROYER,1
3108,LEAGUE,1
3109,CLIFTON,1
3110,AEROS LTD/SKYRANGER AIRCRAFT,1
3111,SMITH ALLEN,1
3112,MOYES B/BAILEY B,1
3113,NORTH AMERICAN ROCKWELL,1
3114,REHN,1
3115,FIELDS MIKE,1
3116,STEVEN BORNSTEIN/THOMAS WHITTA,1
3117,BADEAUX,1
3118,WILKINSON LORIN L,1
3119,LEDER JOHN A,1
3120,SHOREY TIMOTHY A,1
3121,JONES PETER M,1
3122,MURRAY RICHARD F,1
3123,BUNCH,1
3124,TACKABURY,1
3125,LOFLIN,1
3126,DOPPELT FREDRIC F,1
3127,SC IAR SA BRASOV,1
3128,SEIBERT ROBERT M,1
3129,CHAPMAN MARK A,1
3130,CHAMBERLAIN GERALD,1
3131,BRENHOLT LARRY R,1
3132,HEREM,1
3133,AEROTREK,1
3134,LUTERS ARNIS V,1
3135,NAPPI TITO C,1
3136,BURLEIGH,1
3137,HOYLE,1
3138,BRUMBAUGH B/KASOWSKI L,1
3139,BALDWIN,1
3140,WALTERS,1
3141,WESTCOTT,1
3142,PITTMAN EDDIE G,1
3143,WALLS CRAIG C,1
3144,THOMAS SCOTT,1
3145,PIPER PAWNEE,1
3146,PHILLIPS WILLIAM L,1
3147,FLOWER ROGER P,1
3148,AMEN,1
3149,GRIFFITHS JAMES SYDNEY,1
3150,BOWLES CHRIS,1
3151,ROETMAN RYLAND K JR,1
3152,BARNEY OLDFIELD AIRCRAFT CO,1
3153,PETERSON-FEDER-SPLINTER,1
3154,"CONSOLIDATED AERONAUTICS, INC.",1
3155,FISHER HAROLD R,1
3156,EDSON ROBERT W,1
3157,HENRY SLOSING,1
3158,CAMERON,1
3159,SOUTHERN AIRMOTIVE CORP.,1
3160,NEPHEW ALAN H,1
3161,WICKS AIR CENTER LLC,1
3162,LOCKWOOD AIRCRAFT CORP,1
3163,YOUNKIN J R,1
3164,AUGUSTINE DAVID L,1
3165,AIR GULFSTREAM AIRLINES INC,1
3166,ENGLISH ELECTRIC LIGHTNING,1
3167,ROBERT WOOD,1
3168,PARADISE USA LLC,1
3169,BUDD,1
3170,KRUSMARK DAVID HOMER,1
3171,HALLBAUER,1
3172,TAIL FEATHER LLC,1
3173,MAHRE,1
3174,PILATUS BRITTEN-NORMAN,1
3175,HUBER HARTMUT,1
3176,LYMAN RANDALL/SCOTT DAVID,1
3177,HOOVER FRANK,1
3178,DASSAULT FALCON,1
3179,YOUNG DEE C,1
3180,FOSTER JOHN,1
3181,ZENITH AIRCRAFT CO,1
3182,SAUER,1
3183,LINKE,1
3184,MALONE HENRY O,1
3185,AEROMOT,1
3186,RITTAL ALFRED TIMOTHY,1
3187,C A TECNAM SRL,1
3188,FRAZIER,1
3189,DUKE PAUL,1
3190,MCKENNA JAMES E,1
3191,DUSENBERRY MARK J,1
3192,BUTLER AIRCRAFT COMPANY,1
3193,MATESKON,1
3194,CRAWFORD ALAN R,1
3195,BERIEV AIRCRAFT COMPANY,1
3196,CASE RICHARD L,1
3197,TURPEN,1
3198,CRUZ,1
3199,GOTTELT HERBERT R,1
3200,SKISTMAS GEORGE,1
3201,ARGENCE ENAS A.,1
3202,FUJI,1
3203,GOLDEN CIRCLE,1
3204,ELKINS,1
3205,STEELE SAMUEL D,1
3206,CLOPTON AERO LLC,1
3207,LEZA LOCKWOOD,1
3208,MATHIS MELVIN R,1
3209,MORRISON JOSEPH,1
3210,VAN DUSEN JOHN M,1
3211,RATCLIFFE JOHN A,1
3212,LOPEZ PHILLIP,1
3213,CUPAIOLE,1
3214,CENTER CHARLES C,1
3215,STUTESMAN CHARLES LEE,1
3216,STROUP ROBERT,1
3217,SAAB-SCANIA,1
3218,COSTRUZIONI AERONAUTICHETECNAM,1
3219,COTTER,1
3220,TUPOLEV,1
3221,DALIN RONALD K,1
3222,ANKERSTAR BRADLEY D,1
3223,REED WILLIAM A,1
3224,BIBBEE,1
3225,KRAMER CLEMENS E,1
3226,TRUE FLIGHT HOLDINGS LLC,1
3227,NEW STANDARD,1
3228,CROSS-CAPPS,1
3229,HARDIE JAMES D,1
3230,LOEHR THOMAS H,1
3231,SHAW,1
3232,WILLIAMS YAKOVLEV,1
3233,TERRELL CARAGOL,1
3234,KELLER,1
3235,SCHAFER,1
3236,LACOUR,1
3237,SCHULKE,1
3238,MONROIG PEDRO J,1
3239,MUFFETT,1
3240,TARANTOLA LEONARD,1
3241,ALON AIRCOUPE,1
3242,SUTTON,1
3243,STUMP,1
3244,FREDERICKSON CHARLES A,1
3245,SMITH EDWARD I,1
3246,MIGAS,1
3247,KJONAAS,1
3248,WALSH PHILIP J,1
3249,CARR,1
3250,FERGUSON WILLIAM C,1
3251,KINNEY KEVIN,1
3252,DANIEL L PATRICK,1
3253,LEWIS JENNINGS,1
3254,LEIGH,1
3255,CHRISTOPHER,1
3256,LAYSON STANLEY B,1
3257,WEATHERHEAD PETER L,1
3258,WOHNOUTKA STEVEN M,1
3259,THOMPSON DAVID,1
3260,NALIS,1
3261,THOMAS C. PIPER,1
3262,BENDER,1
3263,LEWIS KEITH O,1
3264,NOLES VANCE L,1
3265,BARBER JOHN A,1
3266,SHULTZ JEFFREY D,1
3267,NOORDUYN,1
3268,MID-SOUTH CUSTOM CRAFT INC,1
3269,ANTARES,1
3270,COX JOHN WILEY,1
3271,LEIDER,1
3272,MARVIN FAULK,1
3273,WEISS,1
3274,FOGLIO,1
3275,JAMES O'BERT,1
3276,MICHAEL J. KOHOUT,1
3277,SCHENDL,1
3278,DIEHL,1
3279,PETERSON ALLEN L,1
3280,HUSTON CHARLES D,1
3281,SMITH BRET B,1
3282,TERATORN,1
3283,SORENSON,1
3284,INIZIATIVE,1
3285,YAKOVLEV/DAY,1
3286,CHATHAM ROBERT M,1
3287,HARDEN,1
3288,SMITH ALBERT F,1
3289,THROCKMORTON MATTHEW E,1
3290,HUBBELL,1
3291,WERMLING,1
3292,CLARKE COLIN A,1
3293,DREYER,1
3294,CHRIS MITCHELL,1
3295,NORTH AMERICAN/VICTORIA MNT LT,1
3296,HUMMELBIRD,1
3297,STUCKER VIRGIL A,1
3298,JENKINS JACK,1
3299,MAYO,1
3300,DRESSEN DONALD L,1
3301,BROWN THOMAS E,1
3302,WSK-PZL MEILEC,1
3303,BOND NEAL O,1
3304,VOLLENWEIDER R/HURST R F,1
3305,REWEY WILLIAM M,1
3306,BROWN JOSEPH B JR,1
3307,DEKKINGA,1
3308,JAMES B. TAPLIN,1
3309,MEYER ROBERT,1
3310,UNDERLAND/GROTHE/FINSTROM,1
3311,STONE,1
3312,MYERS DONALD E,1
3313,WARNER LEWIS,1
3314,FORSTER,1
3315,HAHN,1
3316,WRIGHT BRUCE M,1
3317,HALBERT JAMES H,1
3318,BLUM MATTHEW,1
3319,KEITHLEY THOMAS E,1
3320,SWALLEY MARK H,1
3321,HEBERT,1
3322,SIERRA,1
3323,CURTIS JOHN P,1
3324,BROWN,1
3325,MORGAN JAMES E,1
3326,PAUL B. JOHNSON,1
3327,FISHER MICHAEL H,1
3328,TOLBERT ROBERT R,1
3329,CORVUS,1
3330,CRISMAN,1
3331,PILGRIM SAMUEL W JR,1
3332,BROWN MICHAEL,1
3333,DART,1
3334,STIRLING,1
3335,PIONTKOWSKI,1
3336,BOEING OF CANADA/DEHAV DIV,1
3337,LOBB KENNETH,1
3338,HOOPER JAMES A,1
3339,KOCIEMBA ROBERT H,1
3340,STUMP BRADLEY,1
3341,TIDD WESLEY,1
3342,LAURIENZO GABRIEL A,1
3343,PONGRACZ JOHN M,1
3344,GRAHN J/GRAHN G,1
3345,FROM HERE TO THERE PDQ INC,1
3346,"MORSE, FRANK L.",1
3347,JETPROP DLX PIPER,1
3348,HAGER CLINTON RAY,1
3349,SWEZEY T/MOLNAR D,1
3350,SOUTHERLAND,1
3351,LANSDORF,1
3352,NORTH AMERICAN/SCHWAMM,1
3353,GEARN GEARY D,1
3354,CARLO ROBERT,1
3355,HALBROOK,1
3356,HAWKER-BEECHCRAFT CORPORATION,1
3357,SWIEZY,1
3358,KENNEDY,1
3359,HAEUSSLER RAY,1
3360,EASLER KELLY,1
3361,WELCH THOMAS,1
3362,SCHAEFER,1
3363,ALLEN RAYMOND H,1
3364,GIORGIO ANTHONY J,1
3365,RARDIN WILLIAM I,1
3366,FERKIN,1
3367,LANTZ,1
3368,CULVER GLENN,1
3369,WALKER LOUIE H,1
3370,HARVEY PATTEN,1
3371,BEAN R E/R B WELD INC,1
3372,MCFARLAND BILL,1
3373,CARLESIMO,1
3374,WEDDINGTON,1
3375,KEVIN WILKINSON,1
3376,GRUMMAN AMERICAN AVIATION CORP,1
3377,NEWMANN EDWARD W,1
3378,MARTIN CURTIS,1
3379,DRAKE RONALD A,1
3380,CONRAD THEODORE J,1
3381,MISCHKE,1
3382,NEWCOMER,1
3383,DEITZ,1
3384,BOBO CHRISTOPHER J,1
3385,AARDEMA ROBERT JOHN,1
3386,BORNE CHARLES A III,1
3387,SQUEGLIA R/WHEELER W,1
3388,ROTHERWICK,1
3389,REED,1
3390,FREDERICK R GOENNE,1
3391,DONEGAN BENTON,1
3392,MEDWAY,1
3393,WALKER KENNETH,1
3394,HUGHES J/HUGHES J,1
3395,MILLER GREGORY SCOTT,1
3396,ERTZ MARK G,1
3397,KOLB AIRCRAFT INC,1
3398,JURMU,1
3399,AVIAT AIRCRAFT INC.,1
3400,BARTHOLOMEW,1
3401,DELF TIM,1
3402,WALKER J C,1
3403,CLAUS RODNEY L,1
3404,AVIAT AIRCRAFT,1
3405,DAHLMAN-DOWER,1
3406,TEW WILLIAM P,1
3407,CHANG,1
3408,FRANKE HARRY C,1
3409,OTTERBACK NICHOLAS J,1
3410,COMBS EARL W,1
3411,DRALLE (VAN'S AIRCRAFT),1
3412,PRICHARD KEVIN,1
3413,PFOUTS ALFRED L,1
3414,HEBERT PETER J,1
3415,GETTEN MARVIN T,1
3416,WOODWARD HAROLD L,1
3417,UNREGISTERED,1
3418,CAROTHERS,1
3419,REPLOGLE,1
3420,TOMEI,1
3421,REEVES,1
3422,WILLIAM WRIGHT,1
3423,POTEZ-AIR FOUGA,1
3424,SCHLICHTMAN,1
3425,ALLARDYCE MICHAEL,1
3426,INDONESIAN AEROSPACE,1
3427,BAL-AIR INC/WAYNE JOHN K,1
3428,KENNEDY MICHAEL M,1
3429,GULFSTREAM AEROSPACE CORP.,1
3430,FLAGLOR TOM,1
3431,REARWIN,1
3432,BRITISH AIRCRAFT CORP,1
3433,NEEFJES,1
3434,QUIST,1
3435,VOLIN,1
3436,RADFORD,1
3437,BROWN NARCISSE A,1
3438,JENNINGS JOHN C,1
3439,DARROW STEPHEN A,1
3440,HOLST LAWRENCE E,1
3441,HROSIK GENE,1
3442,GINGERICH ALTON & SLAGEL DEAN,1
3443,YOST EDWIN S,1
3444,ECCKER,1
3445,PARKS J L/DREFFIN D,1
3446,MCCULLEY RONALD,1
3447,DWIGHT LOHR,1
3448,BERNHARD,1
3449,MCCULLOCH JERRY,1
3450,GLENN H CURTISS MUSEUM,1
3451,OLIVER,1
3452,ROSE-RHINEHART,1
3453,PIPER/WALLY'S FLYERS INC,1
3454,DRONE PAUL E,1
3455,CRABTREE,1
3456,WOGENSTAHL WALLACE L,1
3457,QUARTZ MOUNTAIN AEROSPACE INC,1
3458,SCHOOLEY,1
3459,MCGLASHAN,1
3460,CORNETT STEVEN M,1
3461,WORGULL,1
3462,PRIDMORE,1
3463,LAWWILL TED,1
3464,BRADSHAW,1
3465,ADAMS JOHN R JR,1
3466,HOOD JOHN SIDNEY,1
3467,SHAFFER WILLIAM C,1
3468,SMITHWICK/TREIDEL,1
3469,HOLDEN FRANK JOSEPH,1
3470,MOYNAHAN,1
3471,JORRITSMA JERROLD S,1
3472,GROSS,1
3473,QUICKSILVER AIRCRAFT,1
3474,HACHEM ZACHERY S,1
3475,AYRES CORP,1
3476,DEARMOND CLINT,1
3477,NELSON STEVEN PAUL,1
3478,SUPINSKI MARK R,1
3479,CALCOTE CLARENCE E,1
3480,WILDMAN,1
3481,RUTTER HERBERT G,1
3482,LUSCOMBE SILVAIRE AIRCRAFT CO.,1
3483,GARDNER DOUGLAS P,1
3484,HALL THOMAS K,1
3485,HENNEY MICHAEL A,1
3486,LEPOW DAVID A,1
3487,COVELL KEVIN SCOTT,1
3488,MOE-PIETENPOL,1
3489,RONALD V WHITE,1
3490,KLEMME WILLIAM H,1
3491,CENTRAL OHIO DRAGONFLY CLUBLLC,1
3492,KWECH,1
3493,HUMMEL / FINBERG,1
3494,ASHCRAFT,1
3495,SCHNEIDER,1
3496,FREEMAN,1
3497,KILISHEK GEORGE T,1
3498,HOLT HERBERT L,1
3499,RAUCH,1
3500,MOREHEAD,1
3501,YEAGER INC.,1
3502,CULLIS,1
3503,LEONARD TRUDY,1
3504,CHRIS W KLEEN,1
3505,ROBERTS ALAN W,1
3506,GOODMAN ROBERT BRUCE,1
3507,CA TECNAM SRL,1
3508,MCCAULEY GENE E,1
3509,BOAM,1
3510,GIBONEY,1
3511,SKYKITS CORPORATION,1
3512,HOLMES GARY DON,1
3513,WILDE DANIEL L,1
3514,MILLER CHARLES W,1
3515,OLIVER A BRUCE,1
3516,SHPAKOW THOMAS,1
3517,DAVIS JOHN,1
3518,TEXAS AIR VENTURES INC,1
3519,WARTH DENNIS J,1
3520,NADIG PAUL K,1
3521,MULLOY CHARLES,1
3522,BEERS,1
3523,BREWSTER FLEET,1
3524,MARSHALL,1
3525,AMERICAN CHAMPION AIRCRAFT COR,1
3526,HOLMGREEN JOHN B,1
3527,ADVERTISING MGMT & CONSULTING,1
3528,TURCK G L/DUFLO J T,1
3529,KIRKPATRICK,1
3530,DAYTON,1
3531,GLINES,1
3532,RAMMEL THOMAS W,1
3533,HEMMER,1
3534,W.H. HUNNICUTT,1
3535,CARR BRYAN,1
3536,ORLICAN S R O,1
